University Name,Path,Region,Country,City,logo,Overall Score,Overall Rank,stars,dagger,redact,Faculty Staff with PhD Rank,International Research Network Rank,Papers per Faculty Rank,Citations per Paper Rank,International Faculty Ratio Rank,International Students Ratio Rank,Academic Reputation Rank,Web Impact Rank,Faculty Student Ratio Rank,Employer Reputation Rank,Faculty Staff with PhD Score,International Research Network Score,Papers per Faculty Score,Citations per Paper Score,International Faculty Ratio Score,International Students Ratio Score,Academic Reputation Score,Web Impact Score,Faculty Student Ratio Score,Employer Reputation Score
King Fahd University of Petroleum & Minerals,/universities/king-fahd-university-petroleum-minerals,Asia,Saudi Arabia,Dhahran,https://www.topuniversities.com/sites/default/files/231010055416am142277Untitled-2-48x48.jpg,100,1,,False,False,50,15,2,8,22,43,4,15,7,2,63.4,91.7,100,98.1,95,35.6,98.1,90.9,99.3,99.1
King Saud University,/universities/king-saud-university,Asia,Saudi Arabia,Riyadh,https://www.topuniversities.com/sites/default/files/king-saud-university_1175_small.jpg,99.3,2,5,False,False,24,1,5,12,40,58,3,2,12,11,87.8,100,98.5,88.7,65.6,27.2,99,99.9,94.9,92.8
Qatar University,/universities/qatar-university,Asia,Qatar,Doha,https://www.topuniversities.com/sites/default/files/qatar-university_2537_small.jpg,99.2,3,,False,False,60,3,7,7,20,17,9,19,10,6,54.7,98.9,97.5,98.3,97.3,78,94.3,87,95.6,98.2
American University of Beirut (AUB),/universities/american-university-beirut-aub,Asia,Lebanon,Beirut ,https://www.topuniversities.com/sites/default/files/230707125949pm449470AUB-Profile-Photo-only%5B99%5D-48x48.jpg,95.6,4,,False,False,53,9,10,14,67,35,8,7,14,3,61.9,95.2,94.7,87,28.6,40.6,94.6,99.1,90,99
King Abdulaziz University (KAU),/universities/king-abdulaziz-university-kau,Asia,Saudi Arabia,Jeddah,https://www.topuniversities.com/sites/default/files/king-abdulaziz-university-kau_1172_small.jpg,94,5,,False,False,89,2,18,2,51,68,1,9,26,1,21,99.9,90.5,100,52.2,19.1,100,96,75.9,100
United Arab Emirates University,/universities/united-arab-emirates-university,Asia,United Arab Emirates,Al Ain,https://www.topuniversities.com/sites/default/files/united-arab-emirates-university_778_small.jpg,92.9,6,5,False,False,71,4,16,44,19,41,7,18,18,10,41.9,98.6,91,50.9,99.7,36.9,95.1,88,86.4,95.7
Khalifa University,/universities/khalifa-university,Asia,United Arab Emirates,Abu Dhabi,https://www.topuniversities.com/sites/default/files/khalifa-university-of-science-and-technology_592560e19988f300e2320ee2_small.jpg,91,7,5,False,False,35,12,1,22,13,26,13,22,4,22,77.5,93.3,100,77.9,100,55.6,86.1,75.7,99.7,75.9
American University of Sharjah,/universities/american-university-sharjah,Asia,United Arab Emirates,Sharjah,https://www.topuniversities.com/sites/default/files/211216011743pm346028American-University-of-Sharjah-AUS-Stacked-200X200px-48x48.jpg,81.7,8,,False,False,47,34,11,27,2,3,17,23,63,7,67.8,68.7,94.3,72.6,100,100,83.4,71.4,36.8,96.6
University of Jordan,/universities/university-jordan,Asia,Jordan,Amman,https://www.topuniversities.com/sites/default/files/university-of-jordan_592560cf2aeae70239af533b_small.jpg,79.7,9,5,False,False,17,23,51,100,92,44,6,8,75,5,92.6,82.8,37.1,20.5,10.8,34.6,96.1,98.9,31.7,98.3
Sultan Qaboos University,/universities/sultan-qaboos-university,Asia,Oman,Muscat,https://www.topuniversities.com/sites/default/files/sultan-qaboos-university_2530_small.jpg,79.2,10,,False,False,25,7,12,26,36,94,24,21,22,33,87.4,97.6,92.6,76.8,72.6,8.4,74.5,78.6,78.6,59.7
The American University in Cairo,/universities/american-university-cairo,Africa,Egypt,Cairo,https://www.topuniversities.com/sites/default/files/the-american-university-in-cairo_36_small.jpg,78,11,,False,False,90,69,33,80,48,92,5,6,25,12,20.8,30.7,49.7,27.9,55.3,9.5,96.7,99.2,76.2,92.5
Cairo University,/universities/cairo-university,Africa,Egypt,Giza,https://www.topuniversities.com/sites/default/files/cairo-university_80_small.jpg,73.6,12,,False,False,81,6,72,92,101+,77,2,10,101+,9,25.4,97.7,25.4,22.9,2.3,13.4,99.7,95.9,11.3,95.7
Hamad bin Khalifa University,/universities/hamad-bin-khalifa-university,Asia,Qatar,Doha,https://www.topuniversities.com/sites/default/files/230216033433pm754356HBKU-Logo-48x48.jpg,73.1,13,,True,False,1,14,1,1,12,4,33,39,1,51+,100,92.7,100,100,100,100,62.9,58.2,100,13.9
Prince Mohammad Bin Fahd university,/universities/prince-mohammad-bin-fahd-university,Asia,Saudi Arabia,Al Khobar,https://www.topuniversities.com/sites/default/files/prince-mohammad-bin-fahd-university_592560df9988f300e2320a8a_small.jpg,69.2,14,5,False,False,33,90,13,9,14,60,20,101+,53,23,79.8,20.8,92.3,97.6,100,26.7,79.4,18.2,44.2,75.7
Lebanese University,/universities/lebanese-university,Asia,Lebanon,Beirut,https://www.topuniversities.com/sites/default/files/lebanese-university_592560cf2aeae70239af4eec_small.jpg,68.8,15,,False,False,21,55,101+,76,76,45,10,70,100,4,89.5,45.9,12.9,28.7,19,33.4,94.1,30.9,18.9,98.8
University of Sharjah,/universities/university-sharjah,Asia,United Arab Emirates,Sharjah,https://www.topuniversities.com/sites/default/files/230214053157pm550724UOS-logo-48x48.jpg,68.7,16,,False,False,83,8,6,28,12,14,23,33,101+,26,23.3,95.2,98.3,71.8,100,92.9,74.7,65.1,5.3,71.6
Jordan University of Science & Technology,/universities/jordan-university-science-technology,Asia,Jordan,Irbid,https://www.topuniversities.com/sites/default/files/jordan-university-of-science-technology_592560cf2aeae70239af545b_small.jpg,67.2,17,6,False,False,101+,27,41,61,95,39,19,5,85,16,7.4,77,44.6,35.9,9.1,37.8,80.5,99.2,25.1,86.2
"Ain Shams University in Cairo (ASU, Cairo)",/universities/ain-shams-university-cairo-asu-cairo,Africa,Egypt,Cairo,https://www.topuniversities.com/sites/default/files/ain-shams-university-_592560cf2aeae70239af4f38_small.jpg,66.8,18,5,False,False,75,16,101+,101+,91,79,11,26,93,17,35.3,89.8,12.5,15.5,12.5,12.6,88.8,67.2,21.5,85.1
Umm Al-Qura University,/universities/umm-al-qura-university,Asia,Saudi Arabia,Makkah,https://www.topuniversities.com/sites/default/files/230327012758pm283863UMM-AL-QURA-logo-200x200-48x48.jpg,66.2,19,,False,False,41,43,101+,101+,38,62,21,32,15,48,70.7,61.7,15.1,19.5,66.2,24.6,77.2,65.2,89.7,44.1
Zayed University,/universities/zayed-university,Asia,United Arab Emirates,"Abu Dhabi,",https://www.topuniversities.com/sites/default/files/zayed-university_592560cf2aeae70239af4f36_small.jpg,66.1,20,,False,False,66,29,31,13,16,101+,27,46,57,30,44.3,73.8,52.2,88.5,100,4.8,70.9,46.2,41.5,66.4
Applied Science University - Bahrain,/universities/applied-science-university-bahrain,Asia,Bahrain,Al-Ekir,https://www.topuniversities.com/sites/default/files/applied-science-university-of-bahrain_592560e29988f300e23211d4_small.jpg,65.7,21,5,False,False,7,101+,101+,101+,21,36,14,101+,31,20,99.9,3.4,13.6,9,97.3,40,85.2,1.5,70.5,79.2
Canadian University Dubai,/universities/canadian-university-dubai,Asia,United Arab Emirates,Dubai,https://www.topuniversities.com/sites/default/files/canadian-university-dubai_592560e09988f300e2320c17_small.jpg,65.1,22,5,False,False,31,101+,46,101+,4,2,15,101+,34,27,83.2,3.8,39.7,3.7,100,100,84.6,12.4,64.1,70.3
Ajman University,/universities/ajman-university,Asia,United Arab Emirates,Ajman,https://www.topuniversities.com/sites/default/files/ajman-university-of-science-technology_592560cf2aeae70239af4f31_small.jpg,64.7,23,5,False,False,32,59,47,101+,9,1,28,67,88,8,82.3,42.1,39,5.7,100,100,70.4,31.8,22.9,96.5
Abu Dhabi University,/universities/abu-dhabi-university,Asia,United Arab Emirates,Abu Dhabi,https://www.topuniversities.com/sites/default/files/211123083031am197054School-logo-200x200-48x48.jpg,64.4,24,5,False,False,58,84,17,15,5,13,36,88,65,19,55.5,24.6,90.9,86.7,100,96.7,60.9,24.1,36.4,84
Imam Abdulrahman Bin Faisal University (IAU),/universities/imam-abdulrahman-bin-faisal-university-iau,Asia,Saudi Arabia,Dammam,https://www.topuniversities.com/sites/default/files/imam-abdulrahman-bin-faisal-university-iau-formerly-university-of-dammam_592560cf2aeae70239af57b7_small.jpg,63.5,25,,False,False,37,24,101+,37,45,57,51+,14,2,32,74.5,79.9,16.8,60.5,57.3,27.3,35.4,91,99.9,60.3
American University of the Middle East,/universities/american-university-middle-east,Asia,Kuwait,Egaila,https://www.topuniversities.com/sites/default/files/american-university-of-the-middle-east_592560e39988f300e232137c_small.jpg,63.4,26,5,False,False,30,72,54,77,6,52,16,101+,77,21,85.8,29,35.2,28.7,100,29.5,83.9,16.2,29.9,78.6
Princess Nourah bint Abdulrahman University,/universities/rincess-nourah-bint-abdulrahman-university,Asia,Saudi Arabia,Riyadh,https://www.topuniversities.com/sites/default/files/princess-nourah-bint-abdulrahman-university_592560e39988f300e232144f_small.jpg,61.3,27,,False,False,26,35,93,101+,53,34,26,65,62,28,87.1,68.5,18.4,14.9,49.5,42.5,72.8,32.2,36.8,68.3
Al Ain University,/universities/al-ain-university,Asia,United Arab Emirates,"Al Ain,",https://www.topuniversities.com/sites/default/files/al-ain-university_592560e39988f300e2321680_small.jpg,60.9,28,3,False,False,6,68,15,101+,1,10,18,101+,101+,39,100,31.1,91.4,7.1,100,100,83,18.3,16.7,55.4
King Khalid University,/universities/king-khalid-university,Asia,Saudi Arabia,Abha,https://www.topuniversities.com/sites/default/files/king-khalid-university_1174_small.jpg,59.6,29,,False,False,59,31,85,97,31,55,31,44,20,51+,55.1,72.8,21,20.6,85.7,27.6,65.2,49.8,82.4,34.5
Alexandria University ,/universities/alexandria-university,Africa,Egypt,Alexandria,https://www.topuniversities.com/sites/default/files/alexandria-university_1209_small.jpg,59.3,30,,False,False,101+,13,101+,68,101+,83,12,4,101+,34,10.7,92.9,10,32.9,1.6,11.6,86.7,99.8,5.7,59
Lebanese American University,/universities/lebanese-american-university,Asia,Lebanon,Byblos,https://www.topuniversities.com/sites/default/files/lebanese-american-university_592560cf2aeae70239af4eed_small.jpg,57.8,31,,False,False,70,101+,88,35,66,50,43,57,27,13,41.9,13.4,20.1,62.2,30.4,30.4,49,37.6,75.6,87.8
Beirut Arab University ,/universities/beirut-arab-university,Asia,Lebanon,Beirut,https://www.topuniversities.com/sites/default/files/beirut-arab-university-_592560cf2aeae70239af4ee5_small.jpg,56.2,32,,False,False,101+,101+,55,94,63,33,22,95,48,24,2.5,15.9,35.2,22.8,37.8,43.1,76,22,50.7,74.3
Saint Joseph University of Beirut (USJ) ,/universities/saint-joseph-university-beirut-usj,Asia,Lebanon,Beirut,https://www.topuniversities.com/sites/default/files/saint-joseph-university-of-beirut-usj_1130_small.jpg,51.7,33,,False,False,101+,101+,78,101+,58,61,48,48,21,15,3.9,6.3,22.6,15.2,43.5,26.1,42,45.6,80.7,86.6
Ahlia University,/universities/ahlia-university,Asia,Bahrain,Manama,https://www.topuniversities.com/sites/default/files/ahlia-university_592560cf2aeae70239af544c_small.jpg,51.4,34,,False,False,62,101+,25,101+,39,47,25,101+,38,51+,51.2,6,66,8.3,65.9,32.8,72.8,7,59.8,40
Islamic University of Lebanon,/universities/islamic-university-lebanon,Asia,Lebanon,Khalde,https://www.topuniversities.com/sites/default/files/231025022258pm497558Screenshot-2023-10-25-182203-48x48.jpg,50.1,35,,False,False,51,101+,101+,n/a,83,11,44,101+,3,36,62.8,1,1.5,n/a,14.6,100,47.9,5.4,99.9,57.3
Mansoura University,/universities/mansoura-university,Africa,Egypt,Mansoura ,https://www.topuniversities.com/sites/default/files/mansoura-university_592560cf2aeae70239af4f3c_small.jpg,48.7,36,4,False,False,15,10,101+,64,101+,88,37,24,101+,51+,93.7,94.6,16.4,34.3,4.6,9.9,60.6,69.5,2.9,34.2
Jouf University,/universities/jouf-university,Asia,Saudi Arabia,Sakaka,https://www.topuniversities.com/sites/default/files/jouf-university_592560cf2aeae70239af5463_small.jpg,48.1,37,,False,False,95,56,94,87,26,101+,34,81,30,51+,17.6,44.7,17.7,24.4,92.7,7.1,62.5,25.9,70.7,23.8
American University in Dubai,/universities/american-university-dubai,Asia,United Arab Emirates,Dubai,https://www.topuniversities.com/sites/default/files/american-university-in-dubai_1200_small.jpg,48,38,,False,False,88,101+,101+,70,3,4,45,101+,49,25,21.3,2.5,9.7,32.6,100,100,45,20.1,50.1,74.1
Kuwait University,/universities/kuwait-university,Asia,Kuwait,Kuwait City,https://www.topuniversities.com/sites/default/files/231022092206am554044%D8%B4%D8%B9%D8%A7%D8%B1-%D8%A7%D9%84%D8%AC%D8%A7%D9%85%D8%B9%D8%A9-200-px-01-48x48.jpg,47.4,39,,True,False,=1,25,69,101+,95,59,32,101+,101+,51+,100,78.8,26,16.7,10.1,27.3,63.2,12.6,11.4,37.4
Université de Tunis El Manar,/universities/universite-de-tunis-el-manar,Africa,Tunisia,Tunis,https://www.topuniversities.com/sites/default/files/universit-de-tunis-el-manar_592560cf2aeae70239af5472_small.jpg,47.7,40,,False,False,1,5,20,101+,80,78,50,101+,23,51+,100,97.9,76.2,5.8,16.6,13.3,38,8.4,77.7,9.8
King Faisal University,/universities/king-faisal-university,Asia,Saudi Arabia,Hofuf,https://www.topuniversities.com/sites/default/files/king-faisal-university_592560cf2aeae70239af4f18_small.jpg,47.6,41,,False,False,101+,52,86,65,41,101+,29,97,96,43,6.7,53,20.8,34.3,60.5,4.7,68.6,21.5,20.5,50.9
Holy Spirit University of Kaslik ,/universities/holy-spirit-university-kaslik,Asia,Lebanon,Jounieh,https://www.topuniversities.com/sites/default/files/holy-spirit-university-of-kaslik-_592560cf2aeae70239af4ee8_small.jpg,46.9,42,,False,False,27,101+,101+,11,42,42,51+,101+,13,42,87,3,8.7,90.7,59.1,36.7,24.9,13.3,92.7,51.3
Yarmouk University,/universities/yarmouk-university,Asia,Jordan,Irbid,https://www.topuniversities.com/sites/default/files/yarmouk-university_592560cf2aeae70239af4e72_small.jpg,46.9,43,5,False,False,61,48,63,101+,101+,66,38,56,101+,29,53.5,58.6,30.8,6.9,5.3,21.7,57.9,38.2,2.3,67.7
University of Baghdad,/universities/university-baghdad,Asia,Iraq,Baghdad,https://www.topuniversities.com/sites/default/files/university-of-baghdad_592560cf2aeae70239af5456_small.jpg,46.1,44,4,False,False,99,22,80,101+,101+,101+,47,47,43,45,14,83.1,22.2,1,1.7,1.3,43.4,45.8,54.2,49.4
Princess Sumaya University for Technology,/universities/princess-sumaya-university-technology,Asia,Jordan,Amman,https://www.topuniversities.com/sites/default/files/211107084721am862411PSUT-Logo-Stacked-RGB-48x48.jpg,45.2,45,6,False,False,40,101+,24,101+,77,40,51+,38,101+,18,71.9,3.2,69.2,5.9,17.9,37.5,37.3,60.8,17,84.4
Gulf University for Science and Technology,/universities/gulf-university-science-technology,Asia,Kuwait,Kuwait City,https://www.topuniversities.com/sites/default/files/240211051651am186387GUST-Logo200x200-48x48.jpg,44.2,46,,False,False,28,101+,48,66,18,53,35,101+,82,51+,86.7,3.7,39,34.2,100,28.5,61.7,16.5,26.2,34.6
The Hashemite University,/universities/hashemite-university,Asia,Jordan,Zarqa,https://www.topuniversities.com/sites/default/files/the-hashemite-university_592560cf2aeae70239af5943_small.jpg,41.8,47,,False,False,46,53,49,101+,101+,74,49,11,101+,41,68.6,52.5,38,14.8,5.9,15.8,39.1,94.7,3.8,52.8
University of Balamand,/universities/university-balamand,Asia,Lebanon,Beirut,https://www.topuniversities.com/sites/default/files/university-of-balamand_592560cf2aeae70239af4eee_small.jpg,41.8,48,,False,False,42,101+,101+,67,99,56,51+,101+,6,40,70.1,4.7,11.6,33.9,7.6,27.5,18.8,17.6,99.4,54.6
Imam Mohammad Ibn Saud Islamic University – IMSIU,/universities/imam-mohammad-ibn-saud-islamic-university-imsiu,Asia,Saudi Arabia,Riyadh,https://www.topuniversities.com/sites/default/files/al-imam-mohammad-ibn-saud-islamic-university_592560cf2aeae70239af4f14_small.jpg,41.5,49,,False,False,101+,61,101+,82,74,101+,30,51,60,51+,3.5,39.1,5.3,27.9,20.2,7.4,65.9,41.7,39.4,25.2
Future University in Egypt,/universities/future-university-egypt,Africa,Egypt,New Cairo,https://www.topuniversities.com/sites/default/files/future-university-in-egypt_592560cf2aeae70239af5834_small.jpg,41.4,50,5,False,False,101+,101+,101+,96,101+,64,51+,17,35,14,1.5,5.5,11.2,21,5.1,22.4,16.7,89,62.5,86.8
Al-Ahliyya Amman University,/universities/al-ahliyya-amman-university,Asia,Jordan,Amman,https://www.topuniversities.com/sites/default/files/al-ahliyya-amman-university_592560e29988f300e232131e_small.jpg,n/a,51,5,False,False,10,101+,73,101+,65,12,51+,27,101+,38,98.9,2.5,24.6,6.5,31.1,100,26.2,67.2,18.8,55.7
Al-Azhar University,/universities/al-azhar-university,Africa,Egypt,Cairo,https://www.topuniversities.com/sites/default/files/al-azhar-university-_592560cf2aeae70239af4f37_small.jpg,n/a,52,4,False,False,98,41,101+,98,101+,69,41,59,101+,51+,14.8,64.7,4.6,20.5,1.4,18.6,52.3,35.3,16,31.4
ALMAAREFA UNIVERSITY,/universities/almaarefa-university,Asia,Saudi Arabia,Diriyah,https://www.topuniversities.com/sites/default/files/231228092150am405644Logo-almaarefa-university-Length-48x48.jpg,n/a,53,,False,False,74,101+,101+,101+,35,19,46,45,36,51+,35.8,1.4,7,10.4,73.5,68.1,44.4,47.7,62.5,25
American University of Ras Al Khaimah,/universities/american-university-ras-al-khaimah,Asia,United Arab Emirates,Ras Al Khaima,https://www.topuniversities.com/sites/default/files/230404082544am873324AURAK-Logo-200x200-48x48.jpg,n/a,54,6,False,False,57,101+,14,3,10,9,51+,101+,16,51+,58.4,15.9,91.7,100,100,100,11.4,15.1,87.9,7.6
An-Najah National University,/universities/najah-national-university,Asia,Palestinian Territories,Nablus,https://www.topuniversities.com/sites/default/files/an-najah-national-university_592560cf2aeae70239af5468_small.jpg,n/a,55,5,False,False,76,75,101+,78,81,51,51+,37,101+,31,34.3,27.4,14.4,28.7,16.5,29.5,26.6,63.4,10,65.3
Arabian Gulf University,/universities/arabian-gulf-university,Asia,Bahrain,Manama,https://www.topuniversities.com/sites/default/files/arabian-gulf-university_2501_small.jpg,n/a,56,,False,False,55,77,61,101+,49,6,51+,101+,8,51+,59.7,27,31.4,6.1,54.8,100,14,13.6,99.3,7.9
Assiut University ,/universities/assiut-university,Africa,Egypt,Asyut,https://www.topuniversities.com/sites/default/files/assiut-university-_592560cf2aeae70239af4f3a_small.jpg,n/a,57,,False,False,101+,26,101+,57,96,89,40,42,95,51+,9.6,78.5,14.3,39.6,8.8,9.8,52.3,54.9,21.2,29.4
German Jordanian University,/universities/german-jordanian-university,Asia,Jordan,Amman,https://www.topuniversities.com/sites/default/files/german-jordanian-university_592560e29988f300e2321333_small.jpg,n/a,58,,False,False,101+,91,29,46,75,65,51+,101+,71,35,1.9,20.3,55.5,47.9,19.3,22.2,30.7,18.2,33.5,58.3
Prince Sultan University,/universities/prince-sultan-university,Asia,Saudi Arabia,Riyadh,https://www.topuniversities.com/sites/default/files/221201114936am874757PSU-logo-200x200-48x48.jpg,n/a,59,5,False,False,92,50,8,36,28,63,51+,83,79,51+,19,57.9,97.3,61.6,90.7,22.9,21.9,25.3,27.4,21
Qassim University,/universities/qassim-university,Asia,Saudi Arabia,Buraydah,https://www.topuniversities.com/sites/default/files/qassim-university_592560cf2aeae70239af52de_small.jpg,n/a,60,5,False,False,101+,30,101+,101+,46,72,51+,49,32,51+,6.3,73.6,12.5,10.3,56.7,16.6,37,42.4,66.9,12.5
Al-Quds University,/universities/al-quds-university,Asia,Palestinian Territories,East Jerusalem,https://www.topuniversities.com/sites/default/files/al-quds-university-the-arab-university-in-jerusalem_592560cf2aeae70239af5474_small.jpg,n/a,61,5,False,False,48,101+,101+,38,69,32,51+,12,101+,46,66.1,14.3,6.4,58.3,23.3,44.1,15.5,94.6,15.1,45.3
Alfaisal University,/universities/alfaisal-university,Asia,Saudi Arabia,Riyadh,https://www.topuniversities.com/sites/default/files/alfaisal-university_592560cf2aeae70239af52dd_small.jpg,n/a,62,,False,False,38,94,23,23,24,20,51+,99,52,51+,74.4,19.3,70.3,77.4,93.6,66.4,13.9,21.2,45.4,10.1
The British University in Dubai,/universities/british-university-dubai,Asia,United Arab Emirates,Dubai,https://www.topuniversities.com/sites/default/files/british-university-in-dubai_592560cf2aeae70239af595c_small.jpg,n/a,63,,False,False,44,101+,4,20,11,8,51+,101+,84,51+,69,2.8,100,81,100,100,13,12.4,25.6,14.9
Helwan University ,/universities/helwan-university,Africa,Egypt,Helwan,https://www.topuniversities.com/sites/default/files/helwan-university-_592560cf2aeae70239af4f3b_small.jpg,n/a,64,,False,False,69,40,101+,63,101+,101+,51+,60,101+,49,42.5,64.8,6.8,34.7,1.2,5.7,30,35.2,4.7,42.1
Mutah University,/universities/mutah-university,Asia,Jordan,Mu'tah,https://www.topuniversities.com/sites/default/files/mutah-university_592560e29988f300e232134e_small.jpg,n/a,65,5,False,False,11,101+,101+,101+,101+,38,51+,101+,91,47,98.4,12.4,15.4,6.6,6.5,39.4,35.1,20.9,22.3,44.4
Northern Borders University,/universities/northern-borders-university,Asia,Saudi Arabia,Arar,https://www.topuniversities.com/sites/default/files/northern-border-university_592560e39988f300e2321469_small.jpg,n/a,66,,False,False,94,101+,101+,54,47,81,39,101+,58,51+,17.8,8.1,9.6,41.2,56,11.9,57.2,1,41.3,12.3
University of Bahrain,/universities/university-bahrain,Asia,Bahrain,Zallaq,https://www.topuniversities.com/sites/default/files/university-of-bahrain_592560cf2aeae70239af5449_small.jpg,n/a,67,,False,False,101+,73,92,101+,60,70,42,41,101+,51+,1,28.9,19.6,8.2,40.5,17.9,49.5,56.5,9.8,35.3
University of Nizwa,/universities/university-nizwa,Asia,Oman,Nizwa,https://www.topuniversities.com/sites/default/files/university-of-nizwa_592560cf2aeae70239af5467_small.jpg,n/a,68,,False,False,101+,81,56,24,30,71,51+,63,41,51+,1.4,25.5,33.4,77,88.7,17.6,13.5,32.4,54.6,22.5
University of Sfax,/universities/university-sfax,Africa,Tunisia,Sfax,https://www.topuniversities.com/sites/default/files/220129103435am476559University-Of-Sfax-Logo-VV-48x48.jpg,n/a,69,,False,False,43,44,34,101+,101+,97,51+,101+,29,51+,69.9,59.9,48,15.6,1.1,8.2,24.7,1.9,73.3,6.7
Zagazig University,/universities/zagazig-university,Africa,Egypt,Zagazig,https://www.topuniversities.com/sites/default/files/zagazig-university_592560cf2aeae70239af4f43_small.jpg,n/a,70,,False,False,9,20,101+,49,101+,101+,51+,43,101+,51+,99.2,84.4,15.7,44.3,1.2,6,28.3,52.3,2.5,13.1
"Arab Academy for Science, Technology and Maritime Transport (AASTMT)  ",/universities/arab-academy-science-technology-maritime-transport-aastmt,Africa,Egypt,Alexandria,https://www.topuniversities.com/sites/default/files/arab-academy-for-science-technology-and-maritime-transport-aastmt-_592560cf2aeae70239af59f5_small.jpg,n/a,71,5,False,False,101+,101+,101+,101+,101+,49,51+,54,44,51+,1.1,15.4,8.1,6,4.9,30.6,26.9,40.1,53.2,24.5
Birzeit university,/universities/birzeit-university,Asia,Palestinian Territories,Birzeit,https://www.topuniversities.com/sites/default/files/birzeit-university_592560cf2aeae70239af546c_small.jpg,n/a,72,,False,False,101+,88,101+,6,97,87,51+,30,101+,51+,3.1,22.2,11.2,98.6,8.3,10.4,26.4,66.1,5.4,40.6
Effat University,/universities/effat-university,Asia,Saudi Arabia,Jeddah,https://www.topuniversities.com/sites/default/files/effat-university_23395_small.jpg,n/a,73,,False,False,82,101+,9,59,17,18,51+,101+,51,51+,24.7,15.2,96.8,39.2,100,74.2,8.2,11.5,46,8.2
German University in Cairo,/universities/german-university-cairo,Africa,Egypt,Cairo,https://www.topuniversities.com/sites/default/files/german-university-in-cairo_592560e29988f300e232125e_small.jpg,n/a,74,,False,False,101+,101+,90,101+,98,101+,51+,85,101+,44,1,8.9,19.8,6.5,8.3,1.7,35.3,24.8,9.9,50.4
Mustansiriyah University,/universities/mustansiriyah-university,Asia,Iraq,Baghdad,https://www.topuniversities.com/sites/default/files/-mustansiriyah-university_592560cf2aeae70239af5833_small.jpg,n/a,75,,False,False,101+,101+,101+,101+,78,90,51+,93,11,51+,2.2,13,10.3,1,16.8,9.7,13.2,22.2,95.2,19.8
Notre Dame University-Louaize NDU,/universities/notre-dame-university-louaize-ndu,Asia,Lebanon,Koura,https://www.topuniversities.com/sites/default/files/notre-dame-university-louaize-ndu_5af915a3cb4de7546e1a835d_small.jpg,n/a,76,,False,False,80,101+,79,101+,62,54,51+,101+,56,37,29.3,5.1,22.3,18.4,38.2,27.6,17,14.6,41.6,56.1
Prince Sattam Bin Abdulaziz University,/universities/prince-sattam-bin-abdulaziz-university,Asia,Saudi Arabia,Al-Kharj,https://www.topuniversities.com/sites/default/files/230214120217pm975130PSAU-Logo-48x48.jpg,n/a,77,,False,False,101+,11,52,71,44,101+,51+,68,55,51+,1.7,94.4,36.6,32.5,57.6,4.9,12.4,31.2,41.9,2.9
Taif University,/universities/taif-university,Asia,Saudi Arabia,Ta'if,https://www.topuniversities.com/sites/default/files/taif-university_592560cf2aeae70239af5462_small.jpg,n/a,78,,False,False,14,19,32,101+,32,101+,51+,36,101+,51+,96.2,84.5,51,8.4,85.5,7,15,63.5,6,3.4
Tanta University ,/universities/tanta-university,Africa,Egypt,Tanta,https://www.topuniversities.com/sites/default/files/tanta-university-_592560cf2aeae70239af4f3f_small.jpg,n/a,79,,False,False,101+,17,101+,45,101+,101+,51+,50,101+,51+,6.6,89.3,10.6,49.1,1.5,4.8,26.4,42.2,4.2,15.9
University of Bisha,/universities/university-bisha,Asia,Saudi Arabia,Bisha City,https://www.topuniversities.com/sites/default/files/220206075110am217721Logo-48x48.jpg,n/a,80,,False,False,39,101+,101+,83,62,87,51+,101+,74,35,71.7,8.1,6.8,27.6,39.6,10.7,5.4,10.6,31.8,58.1
University of Dubai,/universities/university-dubai,Asia,United Arab Emirates,Dubai,https://www.topuniversities.com/sites/default/files/university-of-dubai_592560df9988f300e2320a7d_small.jpg,n/a,81,,False,False,63,101+,19,60,8,28,51+,101+,70,51+,47.7,3.1,84.4,36.3,100,47.3,15.3,12.3,33.7,18.8
University of Carthage,/universities/university-carthage,Africa,Tunisia,Tunis,https://www.topuniversities.com/sites/default/files/universit-de-carthage_592560e39988f300e2321663_small.jpg,n/a,82,,False,False,101+,21,50,101+,101+,101+,51+,101+,28,n/a,1.9,83.4,37.3,18.1,1.6,2.3,9.4,6.5,73.6,n/a
Al Nahrain University,/universities/al-nahrain-university,Asia,Iraq,Baghdad,https://www.topuniversities.com/sites/default/files/210630065320am779638logo-nahrainuniv-edu-iq-%D8%B4%D8%B9%D8%A7%D8%B1-%D8%A7%D9%84%D9%86%D9%87%D8%B1%D9%8A%D9%86-48x48.jpg,n/a,83,,False,False,101+,101+,64,101+,101+,101+,51+,101+,5,51+,2.7,4.9,30.1,2.1,1.6,1.2,9.3,12.6,99.5,21
Al-Balqa Applied University,/universities/al-balqa-applied-university,Asia,Jordan,As-Salt,https://www.topuniversities.com/sites/default/files/al-balqa-applied-university_592560cf2aeae70239af59fa_small.jpg,n/a,84,,False,False,56,60,91,74,101+,101+,51+,31,101+,51+,58.9,41.9,19.8,30.4,3.1,4,19.2,65.6,4.6,27.8
Applied Science Private University - Jordan,/universities/applied-science-private-university-jordan,Asia,Jordan,Amman,https://www.topuniversities.com/sites/default/files/applied-science-private-university-jordan_592560cf2aeae70239af59fc_small.jpg,n/a,85,6,False,False,54,101+,53,101+,90,24,51+,101+,101+,50,61.5,6.8,35.6,7.6,13.1,59.2,20.8,15,9.4,42
British University in Egypt,/universities/british-university-egypt,Africa,Egypt,El Shorouk,https://www.topuniversities.com/sites/default/files/british-university-in-egypt_592560e29988f300e232122d_small.jpg,n/a,86,,False,False,101+,101+,101+,90,101+,101+,51+,76,46,51+,1,13.4,17,23.2,2.4,6.6,23,29.3,51.6,19.8
Dhofar University,/universities/dhofar-university,Asia,Oman,Salalah,https://www.topuniversities.com/sites/default/files/dhofar-university_592560cf2aeae70239af5466_small.jpg,n/a,87,5,False,False,8,76,28,43,15,80,51+,101+,101+,51+,99.3,27.1,58.8,51.1,100,12.5,9.7,12.1,7.8,12.4
Université de Monastir,/universities/universite-de-monastir,Africa,Tunisia,Monastir,https://www.topuniversities.com/sites/default/files/universit-de-monastir_592560e09988f300e2320cdd_small.jpg,n/a,88,,False,False,100,45,45,101+,101+,101+,51+,101+,24,n/a,13.1,58.9,40.8,16.1,1,5.2,11.4,6.2,77.3,n/a
University of Business and Technology ,/universities/university-business-technology,Asia,Saudi Arabia,Jeddah,https://www.topuniversities.com/sites/default/files/university-of-business-and-technology-_592560cf2aeae70239af59d8_small.jpg,n/a,89,5,False,False,101+,101+,101+,101+,43,48,51+,101+,54,51+,2.9,1.5,4.5,9.9,59.1,31.2,35.8,8.5,43.6,15.8
University of Khartoum,/universities/university-khartoum,Africa,Sudan,Khartoum,https://www.topuniversities.com/sites/default/files/university-of-khartoum_592560cf2aeae70239af583c_small.jpg,n/a,90,,False,False,n/a,47,69,101+,n/a,101+,51+,29,101+,51+,n/a,58.6,26.4,8,n/a,2.8,25.7,66.3,6.2,19.5
Université Mohammed V de Rabat,/universities/universite-mohammed-v-de-rabat,Africa,Morocco,Rabat,https://www.topuniversities.com/sites/default/files/universit-mohammed-v-de-rabat_592560cf2aeae70239af5976_small.jpg,n/a,91,,False,False,4,18,21,101+,101+,101+,51+,64,101+,51+,100,86.5,75.2,2.9,3,6.5,10.3,32.2,1.2,6.6
American University in the Emirates,/universities/american-university-emirates,Asia,United Arab Emirates,Dubai,https://www.topuniversities.com/sites/default/files/american-university-in-the-emirates_592560cf2aeae70239af5a12_small.jpg,n/a,92,4,False,False,18,101+,40,101+,7,15,51+,101+,89,51+,92.4,3.5,44.7,16.8,100,89.2,9.3,14.7,22.7,9.8
Cadi Ayyad University,/universities/cadi-ayyad-university,Africa,Morocco,Marrakech,https://www.topuniversities.com/sites/default/files/cadi-ayyad-university_592560cf2aeae70239af583f_small.jpg,n/a,93,,False,False,20,46,59,101+,101+,101+,51+,28,101+,51+,89.7,58.7,32.8,16,1.3,3.9,8.9,66.8,1.1,4
Jazan University,/universities/jazan-university,Asia,Saudi Arabia,Jazan,https://www.topuniversities.com/sites/default/files/jazan-university_592560cf2aeae70239af52e3_small.jpg,n/a,94,,False,False,101+,62,101+,101+,34,101+,51+,66,42,51+,1.1,39,11.1,17.6,75.4,7.1,12.4,31.8,54.4,9.6
Saudi Electronic University,/universities/saudi-electronic-university,Asia,Saudi Arabia,Riyadh,https://www.topuniversities.com/sites/default/files/Saudi_Electronic_University.jpg,n/a,95,4,False,False,64,101+,101+,96,64,75,51+,n/a,101+,31,44.9,8.7,5.6,20.9,37.3,15.2,7.9,n/a,8.6,65.2
Suez Canal University,/universities/suez-canal-university,Africa,Egypt,Ismailia ,https://www.topuniversities.com/sites/default/files/suez-canal-university_592560e29988f300e23212c0_small.jpg,n/a,96,,False,False,101+,37,101+,39,101+,101+,51+,71,78,51+,13,66.6,11.7,57,2,4.3,14,30.7,27.9,7.3
Taibah University,/universities/taibah-university,Asia,Saudi Arabia,Medina,https://www.topuniversities.com/sites/default/files/taibah-university_592560cf2aeae70239af52db_small.jpg,n/a,97,,False,False,78,54,65,47,50,101+,51+,61,101+,51+,33.7,47.4,29.8,46.7,53.3,5.7,22.9,33.9,4.2,5.9
University of Basrah,/universities/university-basrah,Asia,Iraq,Basrah,https://www.topuniversities.com/sites/default/files/university-of-basrah_592560df9988f300e23208e3_small.jpg,n/a,98,,False,False,101+,67,101+,101+,101+,101+,51+,91,50,51+,1.1,31.3,8.9,2.7,1.3,1.6,16.4,22.9,48.3,23.6
University of Ha'il,/universities/university-hail,Asia,Saudi Arabia,Hail,https://www.topuniversities.com/sites/default/files/university-of-hail_592560cf2aeae70239af5464_small.jpg,n/a,99,,False,False,101+,58,101+,62,37,101+,51+,90,66,51+,8.3,42.4,14.5,35.7,69.4,3.4,12.1,23.1,36.2,3.7
University of Kufa,/universities/university-kufa,Asia,Iraq,Kufa,https://www.topuniversities.com/sites/default/files/university-of-kufa_592560cf2aeae70239af5696_small.jpg,n/a,100,,False,False,101+,101+,101+,101+,101+,101+,51+,101+,39,51+,1,11.7,15.3,1,3.6,1.3,11.4,17.4,58,35
University of Technology - Iraq,/universities/university-technology-iraq,Asia,Iraq,Baghdad,https://www.topuniversities.com/sites/default/files/university-of-technology-iraq_592560cf2aeae70239af5a05_small.jpg,n/a,101,,False,False,101+,101+,37,101+,101+,101+,51+,101+,9,51+,1.6,13.2,47.3,3.3,1.3,1.1,4.8,19.8,96.5,5.1
Université de Sousse,/universities/universite-de-sousse,Africa,Tunisia,Sousse,https://www.topuniversities.com/sites/default/files/230205074233pm370725logo-univ-sousse-48x48.jpg,n/a,102,,False,False,101+,85,101+,101+,101+,101+,51+,101+,17,51+,1.7,23.8,11.8,6.3,1.1,5.1,13.2,6,87.2,2.1
Al-Zaytoonah University of Jordan,/universities/al-zaytoonah-university-jordan,Asia,Jordan,Amman,https://www.topuniversities.com/sites/default/files/al-zaytoonah-university-of-jordan_592560cf2aeae70239af59fb_small.jpg,n/a,103,,False,False,34,101+,39,101+,86,23,51+,34,101+,51+,78.2,6.3,44.9,6.3,13.8,61.6,12.5,64.5,2.5,15.7
Benha University - Egypt,/universities/benha-university-egypt,Africa,Egypt,Benha,https://www.topuniversities.com/sites/default/files/benha-university-egypt_23887_small.jpg,n/a,104,,False,False,101+,38,101+,55,101+,101+,51+,40,101+,51+,12.8,66.3,10,41.2,1,4.4,11.5,57.7,5.4,5.1
Kafrelsheikh University,/universities/kafrelsheikh-university,Africa,Egypt,Kafr El Sheikh,https://www.topuniversities.com/sites/default/files/kafrelsheikh-university_592560e29988f300e2321287_small.jpg,n/a,105,,False,False,101+,28,77,16,101+,101+,51+,73,101+,51+,3.9,76.7,22.7,85,1.2,6,9.7,30.3,1.2,1.9
Middle East University Jordan,/universities/middle-east-university-jordan,Asia,Jordan,Amman,https://www.topuniversities.com/sites/default/files/middle-east-university_592560cf2aeae70239af5a02_small.jpg,n/a,106,,False,False,29,101+,57,101+,100,27,51+,3,101+,51+,86.1,5.8,33.3,4,7.4,50.6,10.9,99.8,3.8,11.1
National University of Science and Technology,/universities/national-university-science-technology,Asia,Oman,Bousher,https://www.topuniversities.com/sites/default/files/national-university-of-science-technology_592560e09988f300e2320d2c_large-48x48.jpg,n/a,107,,False,False,101+,101+,101+,101+,23,67,51+,101+,87,51+,1.1,4.1,14.2,20.4,93.8,21.6,19.7,1.5,23,21.1
Philadelphia University At Jordan,/universities/philadelphia-university-jordan,Asia,Jordan,Amman,https://www.topuniversities.com/sites/default/files/philadelphia-university-at-jordan_592560e29988f300e2321361_small.jpg,n/a,108,,False,False,85,101+,66,101+,71,21,51+,1,101+,51+,22.2,6.6,29.1,5.4,21.2,65.9,16.1,100,7.1,12.5
Sohar University,/universities/sohar-university,Asia,Oman,Sohar,https://www.topuniversities.com/sites/default/files/231220115958am894366SU-logo-resized-48x48.jpg,n/a,109,,False,False,45,101+,35,17,29,101+,51+,101+,101+,51+,68.8,3.8,47.8,84.5,90.5,4.2,9.8,10,1.9,12.1
University of Babylon,/universities/university-babylon,Asia,Iraq,Hillah,https://www.topuniversities.com/sites/default/files/university-of-babylon_592560e09988f300e2320b39_small.jpg,n/a,110,,False,False,101+,65,67,101+,101+,101+,51+,77,90,51+,9.1,34.8,28.1,1.8,1.1,1.1,12.6,28.7,22.5,25.4
University of Jeddah,/universities/university-jeddah,Asia,Saudi Arabia,Jeddah,https://www.topuniversities.com/sites/default/files/university-of-jeddah_592560cf2aeae70239af5aa3_small.jpg,n/a,111,,False,False,101+,42,96,52,68,101+,51+,89,94,51+,2.4,62.3,17.4,42,26.6,4.9,9.1,23.6,21.3,4.1
University of Tabuk,/universities/university-tabuk,Asia,Saudi Arabia,Tabuk,https://www.topuniversities.com/sites/default/files/tabuk-university_592560cf2aeae70239af5461_small.jpg,n/a,112,,False,False,101+,33,101+,33,57,101+,51+,84,101+,51+,1.3,70.5,14.7,64.7,43.7,4.5,10.4,25.2,13,2
Amman Arab University,/universities/amman-arab-university,Asia,Jordan,Amman,https://www.topuniversities.com/sites/default/files/amman-arab-university_592560e29988f300e2321320_small.jpg,n/a,113,,False,False,13,101+,101+,5,101+,37,51+,101+,101+,51+,97.1,3.5,10.8,98.7,5,39.4,9.4,19.1,4.2,6.6
Arab American University,/universities/arab-american-university,Asia,Palestinian Territories,Jenin,https://www.topuniversities.com/sites/default/files/arab-american-university-jenin-_592560cf2aeae70239af566e_small.jpg,n/a,114,,False,False,68,101+,101+,101+,101+,22,51+,101+,101+,51+,42.8,6.4,7.2,2.3,6.2,63.6,12.1,20.5,4.8,24.1
Beni-Suef University,/universities/beni-suef-university,Africa,Egypt,Beni-Suef,https://www.topuniversities.com/sites/default/files/beni-suef-university_592560e29988f300e2321229_small.jpg,n/a,115,,False,False,101+,51,76,30,101+,101+,51+,74,101+,51+,8.5,55.9,22.8,69.6,4.7,1.7,12.2,29.8,1.6,4.3
German University of Technology in Oman (GUTECH),/universities/german-university-technology-oman-gutech,Asia,Oman,Muscat,https://www.topuniversities.com/sites/default/files/211007113405am821851gutech-48x48.jpg,n/a,116,,False,False,101+,101+,58,101+,27,91,51+,101+,101+,51+,8.9,6.1,33.1,12.2,92.5,9.7,13.8,7.2,2.1,24.6
Islamic University of Gaza,/universities/islamic-university-gaza,Asia,Palestinian Territories,Gaza,https://www.topuniversities.com/sites/default/files/220109082521am441760final-iug-logo-48x48.jpg,n/a,117,,False,False,101+,101+,101+,29,101+,101+,51+,25,101+,51+,11.6,11.2,12.4,69.9,5.9,3.5,20,68,1.5,4.8
Majmaah Universiyty,/universities/majmaah-universiyty,Asia,Saudi Arabia,Majmaah,https://www.topuniversities.com/sites/default/files/majmaah-university_592560e39988f300e232144b_small.jpg,n/a,118,,False,False,101+,74,83,32,59,101+,51+,62,86,51+,3.2,28.1,21.6,65.7,41.5,4.6,4.7,33.9,23.6,1
Palestine Technical University - Kadoorie,/universities/palestine-technical-university-kadoorie,Asia,Palestinian Territories,Tulkarm,https://www.topuniversities.com/sites/default/files/211007110530am411120330px-Ptuk-48x48.jpg,n/a,119,,False,False,73,101+,101+,25,73,73,51+,101+,101+,51+,37.7,5.2,5.8,76.8,21,16.2,7.4,8.5,18,12.9
University of Sadat City,/universities/university-sadat-city,Africa,Egypt,El Sadat,https://www.topuniversities.com/sites/default/files/university-of-sadat-city_592560e49988f300e232192d_small.jpg,n/a,120,,False,False,101+,101+,101+,85,n/a,101+,51+,101+,19,51+,1,3.3,11.7,25.5,n/a,5.6,1.5,13.9,85.9,2.5
Sidi Mohamed Ben Abdellah University,/universities/sidi-mohamed-ben-abdellah-university,Africa,Morocco,Fez,https://www.topuniversities.com/sites/default/files/sidi-mohamed-ben-abdellah-university_592560e49988f300e232175f_small.jpg,n/a,121,,False,False,49,32,38,101+,101+,101+,51+,86,101+,51+,63.7,71.2,45.7,2.9,1.1,4,7.3,24.7,1.1,1.6
Universit internationale de Rabat,/universities/universit-internationale-de-rabat,Africa,Morocco,Sala al jadida,https://www.topuniversities.com/sites/default/files/211115102918am476613logo-uir-48x48.jpg,n/a,122,,False,False,3,101+,60,101+,54,99,51+,101+,80,51+,100,6.3,32.1,7.7,48,7.8,4.8,12,27.1,6.2
Al al-Bayt University,/universities/al-al-bayt-university,Asia,Jordan,Mafraq,https://www.topuniversities.com/sites/default/files/230116094707pm865215standard-jpg-48x48.jpg,n/a,123,,False,False,16,101+,82,101+,101+,98,51+,101+,101+,51+,93.6,13.2,21.8,3.8,5,8.2,12.9,18.8,1.2,8.4
Menoufia University,/universities/menoufia-university,Africa,Egypt,Shebeen El-Kom,https://www.topuniversities.com/sites/default/files/menoufia-university_592560e29988f300e2321290_small.jpg,n/a,124,,False,False,101+,39,99,69,n/a,101+,51+,69,101+,51+,1.3,65.5,17.2,32.7,n/a,2.6,6.6,31.1,4.4,3.8
Minia University,/universities/minia-university,Africa,Egypt,Minya,https://www.topuniversities.com/sites/default/files/minia-university_592560cf2aeae70239af59f8_small.jpg,n/a,125,,False,False,101+,49,101+,40,101+,101+,51+,80,101+,51+,4.1,58.1,11.4,54.1,1,2.4,9.2,26.7,6.4,2.8
Nile University,/universities/nile-university,Africa,Egypt,Giza,https://www.topuniversities.com/sites/default/files/nile-university_592560e29988f300e23212a4_small.jpg,n/a,126,,False,False,101+,101+,27,101+,101+,101+,51+,101+,64,51+,1,5.2,64.5,11.1,1.5,3.6,7.5,17.5,36.8,6.5
October University for Modern Sciences and Arts (MSA),/universities/modern-sciences-arts-university,Africa,Egypt,6th of October City,https://www.topuniversities.com/sites/default/files/october-university-for-modern-sciences-and-arts-msa_592560e29988f300e2321298_small.jpg,n/a,127,,False,False,101+,101+,101+,93,101+,101+,51+,101+,40,51+,1,1.4,7,22.8,1.3,3.3,6.4,14.4,56.3,7.5
Soran University,/universities/soran-university,Asia,Iraq,Soran,https://www.topuniversities.com/sites/default/files/soran-university_592560e39988f300e232136c_small.jpg,n/a,128,,False,False,101+,101+,101+,10,93,101+,51+,101+,69,51+,1,7.4,9.6,96,10.2,1.3,6.2,12.4,33.8,4.3
University of Petra,/universities/university-petra,Asia,Jordan,Amman,https://www.topuniversities.com/sites/default/files/university-of-petra_592560df9988f300e23208db_small.jpg,n/a,129,,False,False,77,101+,101+,101+,94,31,51+,100,101+,51+,33.8,5.2,15.4,6.3,9.5,44.3,16.5,21,6.1,14.3
Université Hassan II de Casablanca,/universities/universite-hassan-ii-de-casablanca,Africa,Morocco,Casablanca,https://www.topuniversities.com/sites/default/files/universit-hassan-ii-de-casablanca_592560e09988f300e2320ccd_small.jpg,n/a,130,,False,False,84,36,81,101+,101+,101+,51+,92,101+,51+,22.7,68,22,4.3,1.1,5,8.7,22.2,1.6,4.4
Université de Tunis,/universities/universite-de-tunis,Africa,Tunisia,Tunis,https://www.topuniversities.com/sites/default/files/universit-de-tunis_592560cf2aeae70239af5470_small.jpg,n/a,131,,False,False,101+,101+,84,101+,101+,101+,51+,101+,99,51+,1,8.6,21.3,5.7,2,4.2,25.3,6.5,19.1,9.4
Al Akhawayn University Ifrane,/universities/al-akhawayn-university-ifrane,Africa,Morocco,Ifranne,https://www.topuniversities.com/sites/default/files/al-akhawayn-university-ifrane_592560cf2aeae70239af4ee7_small.jpg,n/a,132,,False,False,96,101+,44,101+,64,101+,51+,58,83,51+,17.5,3.1,42,12.9,34.2,7.2,7,35.5,25.9,4.5
Al Baha University,/universities/al-baha-university,Asia,Saudi Arabia,Al Baha,https://www.topuniversities.com/sites/default/files/al-baha-university_592560cf2aeae70239af538b_small.jpg,n/a,133,,False,False,101+,101+,101+,101+,33,101+,51+,79,76,51+,10,11,6.5,15.9,77.6,4.8,5.4,27,30.8,2.2
Al-Hussein bin Talal University,/universities/al-hussein-bin-talal-university,Asia,Jordan,Ma'an,https://www.topuniversities.com/sites/default/files/220202112007am543437AHU-Logo-48x48.jpg,n/a,134,,False,False,72,93,87,101+,101+,101+,51+,101+,101+,51+,39,19.6,20.7,18.3,2.1,3,8.5,12.8,9.6,11.4
Arab Open University - Kuwait,/universities/arab-open-university-kuwait,Asia,Kuwait,Al-Ardiya,https://www.topuniversities.com/sites/default/files/231113112934am925329AOU-Kuwait-Logo-Color-48x48.jpg,n/a,135,,False,False,101+,101+,101+,21,25,7,51+,101+,101+,51+,6.6,1.3,12,80,93.6,100,9,1,1,5.6
Damascus University,/universities/damascus-university,Asia,Syria,Damascus,https://www.topuniversities.com/sites/default/files/damascus-university_592560cf2aeae70239af546d_small.jpg,n/a,136,,False,False,87,101+,101+,101+,101+,85,51+,101+,101+,51+,21.6,11.2,4.3,3.3,1.5,11.1,19.8,16.3,1,17.8
Fayoum University,/universities/fayoum-university,Africa,Egypt,Fayoum,https://www.topuniversities.com/sites/default/files/fayoum-university_592560e29988f300e2321259_small.jpg,n/a,137,,False,False,101+,57,101+,53,101+,101+,51+,101+,101+,51+,10.3,42.4,7.5,41.4,4.6,2.2,7.6,20.6,16.8,3.4
Ferhat Abbas Setif University 1,/universities/ferhat-abbas-setif-university-1,Africa,Algeria,Setif,https://www.topuniversities.com/sites/default/files/ferhat-abbas-setif-university-1_592560e29988f300e2321296_small.jpg,n/a,138,,False,False,19,87,89,101+,101+,101+,51+,101+,101+,51+,91.3,22.3,20.1,18.3,1.1,1.9,5,20.5,3.4,3.4
Islamic University of Madinah,/universities/islamic-university-madinah,Asia,Saudi Arabia,Madinah,https://www.topuniversities.com/sites/default/files/islamic-university-in-madinah_592560cf2aeae70239af4f16_small.jpg,n/a,139,,False,False,91,101+,101+,101+,87,5,51+,101+,101+,51+,19.6,5.8,6.1,18.1,13.7,100,16.5,2.1,11.5,4.9
Najran University,/universities/najran-university,Asia,Saudi Arabia,Najran,https://www.topuniversities.com/sites/default/files/najran-university_592560cf2aeae70239af545a_small.jpg,n/a,140,,False,False,101+,101+,101+,19,55,101+,51+,96,101+,51+,1.4,15.4,11,81.4,47.4,6.8,5.1,21.6,18.4,2.7
Salahaddin University-Erbil,/universities/salahaddin-university-erbil,Asia,Iraq,Erbil,https://www.topuniversities.com/sites/default/files/salahaddin-university-erbil_592560cf2aeae70239af5a03_small.jpg,n/a,141,,False,False,101+,95,101+,101+,101+,101+,51+,101+,59,51+,1.2,18.3,4.4,13.5,2.6,3,3.9,15.8,41.1,7.6
South Valley University,/universities/south-valley-university,Africa,Egypt,Qena,https://www.topuniversities.com/sites/default/files/211013091726am828984download-48x48.jpg,n/a,142,,False,False,101+,63,101+,91,n/a,101+,51+,75,101+,51+,1.3,37,13.6,23,n/a,1.6,11.3,29.6,1.6,5.3
Sudan University of Science and Technology,/universities/sudan-university-science-technology,Africa,Sudan,Khartoum,https://www.topuniversities.com/sites/default/files/sudan-university-of-science-and-technology_592560cf2aeae70239af5a0f_small.jpg,n/a,143,,False,False,101+,101+,101+,101+,101+,101+,51+,13,101+,51+,3.3,4.7,4.3,6.1,1.7,3.3,15,92.4,2.9,8.1
University of Anbar,/universities/university-anbar,Asia,Iraq,Ramadi,https://www.topuniversities.com/sites/default/files/220627090951pm582521200-48x48.jpg,n/a,144,,False,False,64,101+,101+,101+,101+,101+,51+,101+,101+,51+,45.2,15.9,16,3.4,2.1,1.2,9.7,11.6,16.3,6.8
University of Hafr Albatin,/universities/university-hafr-albatin,False,False,False,https://www.topuniversities.com/sites/default/files/210816045828pm248538uhb-logo-48x48.jpeg,n/a,145,,False,False,23,78,101+,58,56,96,51+,101+,101+,51+,89,26,7.9,39.3,46.1,8.2,1.2,10.8,2.3,1.3
University of Mosul,/universities/university-mosul,Asia,Iraq,Mosul,https://www.topuniversities.com/sites/default/files/university-of-mosul_592560cf2aeae70239af5457_small.jpg,n/a,146,,False,False,101+,92,101+,101+,101+,n/a,51+,101+,101+,51+,1.5,20.2,6,1.6,1,n/a,13.2,20.6,17,10.2
University of Sulaimani,/universities/university-sulaimani,Asia,Iraq,Sulaimani,https://www.topuniversities.com/sites/default/files/university-of-sulaimani_592560cf2aeae70239af5625_small.jpg,n/a,147,,False,False,101+,79,101+,51,101+,101+,51+,101+,97,51+,3.6,25.7,7.1,42.4,5.4,2,5.3,1,20.5,7.9
University of Tlemcen,/universities/university-tlemcen,Africa,Algeria,Tlemcen,https://www.topuniversities.com/sites/default/files/university-of-tlemcen_592560cf2aeae70239af5448_small.jpg,n/a,148,,False,False,12,98,100,101+,101+,101+,51+,78,101+,51+,98.2,16.4,17.1,2.9,1.2,3.2,8.2,28,2.4,5.3
Université Antonine,/universities/universite-antonine,Asia,Lebanon,Ablah,https://www.topuniversities.com/sites/default/files/universit-antonine_592560e39988f300e23213e8_small.jpg,n/a,149,,False,False,101+,101+,101+,101+,72,84,51+,101+,72,51+,1,1.1,3.5,8.9,21,11.1,5.9,5,32.7,17.8
Ibn Tofail University,/universities/ibn-tofail-university,Africa,Morocco,Kenitra,https://www.topuniversities.com/sites/default/files/ibn-tofail-university_592560e49988f300e2321726_small.jpg,n/a,150,,False,False,5,89,22,101+,n/a,101+,51+,101+,101+,51+,100,21.4,70.8,4.7,n/a,6.6,3.6,15.8,1,4.2
Université de Jendouba,/universities/universite-de-jendouba,Africa,Tunisia,Jendouba,https://www.topuniversities.com/sites/default/files/Jendouba_logo.jpg,n/a,151,,False,False,n/a,101+,101+,31,n/a,n/a,51+,101+,45,n/a,n/a,3.6,3.3,66.7,n/a,n/a,2.3,4.9,52.7,n/a
American University of Science and Technology,/universities/american-university-science-technology,Asia,Lebanon,Beirut,https://www.topuniversities.com/sites/default/files/american-university-of-science-and-technology_592560cf2aeae70239af4ee3_small.jpg,n/a,152,,False,False,101+,101+,101+,101+,82,30,51+,101+,101+,51+,1,1.1,6.1,18,16.5,46.5,10.9,6.5,3.9,15.1
Aswan University,/universities/aswan-university,Africa,Egypt,Aswan,https://www.topuniversities.com/sites/default/files/aswan-university_592560e29988f300e2321213_small.jpg,n/a,153,,False,False,101+,64,74,99,101+,101+,51+,101+,101+,51+,1.6,35,24.1,20.5,1.2,2.2,11.6,16.4,3.6,1.7
Damietta University,/universities/damietta-university,Africa,Egypt,New Damietta,https://www.topuniversities.com/sites/default/files/damietta-university_592560e29988f300e2321239_small.jpg,n/a,154,,False,False,65,100,101+,56,101+,101+,51+,101+,101+,51+,44.6,16.1,7.7,40.7,1,1.8,6.5,19,5.5,1.9
"Isra University, Amman - Jordan",/universities/al-isra-university-amman,Asia,Jordan,Amman,https://www.topuniversities.com/sites/default/files/isra-university-amman-jordan_592560e49988f300e232183e_small.jpg,n/a,155,,False,False,36,101+,71,101+,85,25,51+,101+,101+,51+,74.9,8.8,25.7,6.2,14,56.9,5.4,8.2,3.3,3.3
Shaqra University,/universities/shaqra-university,Asia,Saudi Arabia,Shaqra,https://www.topuniversities.com/sites/default/files/shaqra-university_592560e39988f300e2321464_large-48x48.jpg,n/a,156,,False,False,101+,83,101+,101+,52,101+,51+,101+,101+,51+,7.9,24.7,7.7,19,51.2,3,4.2,19.2,18.3,1.4
Sohag University,/universities/sohag-university,Africa,Egypt,Sohag,https://www.topuniversities.com/sites/default/files/sohag-university_592560cf2aeae70239af56af_small.jpg,n/a,157,,False,False,101+,82,101+,48,101+,101+,51+,101+,101+,51+,1,24.8,13.5,46.1,1.4,1.3,7.4,15.9,2.3,2.4
Tafila Technical University,/universities/tafila-technical-university,Asia,Jordan,Tafilah,https://www.topuniversities.com/sites/default/files/tafila-technical-university_24028_small.jpg,n/a,158,3,False,False,52,101+,68,101+,101+,101+,51+,101+,101+,51+,62,12.7,26.9,6.8,1.2,2.5,6.8,9.5,6,6.7
Tikrit University,/universities/tikrit-university,Asia,Iraq,Tikrit,https://www.topuniversities.com/sites/default/files/tikrit-university_592560e09988f300e2320aee_small.jpg,n/a,159,,False,False,101+,101+,101+,101+,101+,101+,51+,101+,61,51+,1,6,7.1,1.7,1.1,1,3.9,18.7,39.3,2.4
University of Benghazi,/universities/university-benghazi,Africa,Libya,Benghazi,https://www.topuniversities.com/sites/default/files/university-of-benghazi_592560e09988f300e2320c87_small.jpg,n/a,160,,False,False,101+,101+,101+,101+,89,101+,51+,52,101+,51+,1,15,1.6,10.9,13.2,5.2,5.4,41,8.9,12.5
University of Diyala,/universities/university-diyala,Asia,Iraq,Baqubah,https://www.topuniversities.com/sites/default/files/university-of-diyala_592560cf2aeae70239af59fe_small.jpg,n/a,161,,False,False,101+,101+,101+,101+,101+,n/a,51+,20,101+,51+,1.1,8.9,10.6,7.3,1.2,n/a,3.2,86.9,8.9,3.2
University of Duhok,/universities/university-duhok,Asia,Iraq,Duhok,https://www.topuniversities.com/sites/default/files/university-of-duhok_2515_small.jpg,n/a,162,,False,False,101+,101+,101+,101+,101+,101+,51+,101+,73,51+,1,3.1,3.1,4.4,2,2.2,5,14.3,32.5,9.3
Gharyan University,/universities/gharyan-university,Africa,Libya,Nalut,https://www.topuniversities.com/sites/default/files/231012115547am613498Al-Jabal-Al-Gharbi-University-48x48.jpg,n/a,163,,False,False,n/a,n/a,n/a,n/a,n/a,n/a,51+,101+,37,51+,n/a,n/a,n/a,n/a,n/a,n/a,1.5,4.2,62.4,1
University of Kerbala,/universities/university-kerbala,Asia,Iraq,Karbala,https://www.topuniversities.com/sites/default/files/university-of-kerbala_592560cf2aeae70239af59d3_small.jpg,n/a,164,3,False,False,101+,101+,101+,101+,101+,101+,51+,101+,101+,51+,7.9,4,15.1,1.1,1.5,1.1,8.6,16.3,12.8,11.3
University of Tripoli,/universities/university-tripoli,Africa,Libya,Tripoli,https://www.topuniversities.com/sites/default/files/211007112307am965605tripoli-48x48.jpg,n/a,165,,False,False,101+,101+,101+,101+,101+,101+,51+,101+,101+,51+,2,15.7,2.1,8.8,1.9,5.5,9.1,12.5,2.9,19.8
University of Zawia,/universities/university-zawia,Africa,Libya,Zawia,https://www.topuniversities.com/sites/default/files/zawia_university_logo.jpg,n/a,166,,False,False,n/a,101+,101+,101+,n/a,n/a,51+,101+,33,51+,n/a,1.7,1,2.9,n/a,n/a,1.9,7.6,65.9,2.5
University Djillali liabes of Sidi Bel Abbes,/universities/university-djillali-liabes-sidi-bel-abbes,Africa,Algeria,Sidi bel Abbes,https://www.topuniversities.com/sites/default/files/university-djillali-liabes-of-sidi-bel-abbes_592560e29988f300e23212a7_small.jpg,n/a,167,,False,False,101+,99,101+,34,n/a,101+,51+,101+,101+,51+,1.3,16.4,15.4,63.5,n/a,4.1,2.8,16.2,10,1.6
Université Constantine 1,/universities/universite-constantine-1,Africa,Algeria,Constantine,https://www.topuniversities.com/sites/default/files/universit-constantine-1_592560cf2aeae70239af583d_small.jpg,n/a,168,,False,False,n/a,80,101+,101+,n/a,n/a,51+,55,101+,51+,n/a,25.7,16.2,5.7,n/a,n/a,6.5,39.6,1.7,6.2
Universit Sultan Moulay Slimane,/universities/universit-sultan-moulay-slimane,Africa,Morocco,Beni Mellal,https://www.topuniversities.com/sites/default/files/220117014935pm877923logo-usms-48x48.jpg,n/a,169,,False,False,2,101+,43,101+,n/a,101+,51+,101+,101+,n/a,100,4.9,42.8,2.6,n/a,2,2,13.3,1.1,n/a
Université des Sciences et de la Technologie Houari Boumediene,/universities/universite-des-sciences-et-de-la-technologie-houari-boumediene,Africa,Algeria,Bab Ezzouar,https://www.topuniversities.com/sites/default/files/universit-des-sciences-et-de-la-technologie-houari-boumediene_592560e09988f300e2320cd7_small.jpg,n/a,170,,False,False,101+,66,62,101+,101+,101+,51+,82,101+,51+,1.2,33.1,31.4,4.1,1,1.3,7.9,25.8,7.8,6.2
Université des Sciences et de la Technologie d'Oran Mohamed Boudiaf,/universities/universite-des-sciences-et-de-la-technologie-doran-mohamed-boudiaf,Africa,Algeria,Oran,https://www.topuniversities.com/sites/default/files/universit-des-sciences-et-de-la-technologie-doran-mohamed-boudiaf_592560e29988f300e232128a_small.jpg,n/a,171,,False,False,n/a,101+,101+,101+,n/a,n/a,51+,101+,47,51+,n/a,7.9,11.3,4,n/a,n/a,2.9,13.5,51.2,1.6
Zarqa University (ZU),/universities/zarqa-university-zu,Asia,Jordan,Zarqa,https://www.topuniversities.com/sites/default/files/zarqa-university-zu_592560e39988f300e2321376_small.jpg,n/a,172,,False,False,86,101+,101+,101+,101+,16,51+,101+,101+,51+,22,2.2,12.7,3.3,3.8,81.1,8.2,12.7,13.9,5
A'Sharqiyah University,/universities/asharqiyah-university,Asia,Oman,Ibra,https://www.topuniversities.com/sites/default/files/A%27Sharqiyah%20University%20Logo.jpg,n/a,173,,False,False,101+,101+,101+,98,57,101+,51+,101+,101+,51+,6.5,4.8,15.6,20.8,45.9,1.8,7.3,6.2,3.4,6.5
Al Azhar University-Gaza,/universities/al-azhar-university-gaza,Asia,Palestinian Territories,Gaza,https://www.topuniversities.com/sites/default/files/al-azhar-university-gaza_592560cf2aeae70239af5a15_small.jpg,n/a,174,,False,False,97,101+,101+,73,101+,101+,51+,101+,101+,51+,15.5,8.9,8.7,30.8,6,3.6,8.7,14.9,1.4,2
Al-Yamamah University,/universities/al-yamamah-university,Asia,Saudi Arabia,Riyadh,https://www.topuniversities.com/sites/default/files/al-yamamah-university_592560cf2aeae70239af52e4_small.jpg,n/a,175,,False,False,n/a,101+,70,4,n/a,n/a,51+,101+,101+,51+,n/a,1.6,25.7,98.8,n/a,n/a,3,6.1,2.7,3.2
Bethlehem University,/universities/bethlehem-university,Asia,Palestinian Territories,Bethlehem,https://www.topuniversities.com/sites/default/files/bethlehem-university_592560cf2aeae70239af546a_small.jpg,n/a,176,,False,False,101+,101+,101+,n/a,88,101+,51+,87,101+,51+,1,1.4,3.6,n/a,13.5,1.3,8.9,24.3,8.8,8.8
Delta University for Science and Technology,/universities/delta-university-science-technology,False,False,False,https://www.topuniversities.com/sites/default/files/220706015024pm449327PHOTO-2020-04-22-13-24-36-edited-edited-edited-edited-48x48.jpg,n/a,177,4,False,False,101+,101+,101+,101+,101+,101+,51+,101+,92,51+,1.1,1.7,10.8,15.4,1.5,3.1,7.1,8.7,22,2.9
Hebron University,/universities/hebron-university,Asia,Palestinian Territories,Hebron,https://www.topuniversities.com/sites/default/files/hebron-university_592560cf2aeae70239af5a16_small.jpg,n/a,178,,False,False,n/a,101+,101+,n/a,n/a,n/a,51+,53,101+,51+,n/a,1.1,1.5,n/a,n/a,n/a,5.7,40.1,8.4,10.1
Jadara University,/universities/jadara-university,Asia,Jordan,Irbid,https://www.topuniversities.com/sites/default/files/Jadara_University_Logo.jpg,n/a,179,,False,False,n/a,101+,101+,88,n/a,29,51+,101+,101+,51+,n/a,1.3,8.9,23.9,n/a,46.7,4.1,7.1,17.8,3.9
Kassala University,/universities/kassala-university,Africa,Sudan,Kassala,https://www.topuniversities.com/sites/default/files/Kassala%20University%20Logo.jpg,n/a,180,,False,False,n/a,101+,101+,n/a,n/a,n/a,51+,101+,67,n/a,n/a,1.6,1.2,n/a,n/a,n/a,1.7,4,35.8,n/a
MISR University for Science & Technology,/universities/misr-university-science-technology,Africa,Egypt,6th of October City,https://www.topuniversities.com/sites/default/files/misr-university-for-science-technology_592560e29988f300e2321293_small.jpg,n/a,181,,False,False,101+,101+,101+,50,101+,93,51+,101+,101+,51+,1,1.9,4,43.8,1.2,9.2,5.2,20.6,12.6,5.7
Misr International University,/universities/misr-international-university,Africa,Egypt,Cairo,https://www.topuniversities.com/sites/default/files/misr-international-university_592560cf2aeae70239af4f40_small.jpg,n/a,182,,False,False,n/a,101+,101+,84,n/a,n/a,51+,101+,101+,51+,n/a,1.9,8.1,26.5,n/a,n/a,10.3,11.5,3.7,12.5
Nahda University,/universities/nahda-university,Africa,Egypt,New Beni Suef,https://www.topuniversities.com/sites/default/files/230112022715pm830208NUB3-001-48x48.jpg,n/a,183,4,False,False,n/a,101+,101+,79,n/a,n/a,51+,101+,68,n/a,n/a,1.3,6.5,28.5,n/a,n/a,2,7.7,35.1,n/a
October 6 University ( O6U ),/universities/october-6-university,Africa,Egypt,6th of October City,https://www.topuniversities.com/sites/default/files/october-6-university_592560cf2aeae70239af4f42_small.jpg,n/a,184,4,False,False,101+,101+,101+,101+,101+,101+,51+,101+,101+,51+,1,2.3,2.8,7.3,2,6.9,10.6,11.6,5.1,8.8
Palestine Polytechnic University,/universities/palestine-polytechnic-university,Asia,Palestinian Territories,Hebron,https://www.topuniversities.com/sites/default/files/palestine-polytechnic-university_592560e49988f300e232179e_small.jpg,n/a,185,3,False,False,101+,101+,101+,101+,101+,101+,51+,101+,101+,51+,1,1.7,5.7,3.3,5.7,5.2,7.5,15.7,13.8,12.6
Pharos University in Alexandria,/universities/pharos-university-alexandria,Africa,Egypt,Alexandria,https://www.topuniversities.com/sites/default/files/pharos-university-in-alexandria_592560e29988f300e23212ab_small.jpg,n/a,186,,False,False,101+,101+,101+,81,101+,101+,51+,101+,101+,51+,1,2.3,8.4,27.9,1.7,2.6,6,18.9,6.9,3.7
Port Said University,/universities/port-said-university,Africa,Egypt,Port Said,https://www.topuniversities.com/sites/default/files/port-said-university_592560e29988f300e23212ad_small.jpg,n/a,187,,False,False,101+,86,101+,95,101+,101+,51+,101+,101+,51+,1.3,22.3,15,21.7,1.1,2.3,8.2,14.2,5.4,4.1
Rafik Hariri University,/universities/rafik-hariri-university,Asia,Lebanon,Damour,https://www.topuniversities.com/sites/default/files/rafik-hariri-university_24067_small.jpg,n/a,188,,False,False,101+,101+,75,n/a,79,46,51+,101+,101+,51+,11,1,23.1,n/a,16.6,33.3,5.5,4.7,3.4,4.4
Suez University,/universities/suez-university,Africa,Egypt,Suez,https://www.topuniversities.com/sites/default/files/suez-university_5a66b968ca24f343f17847bd_small.jpg,n/a,189,,False,False,101+,96,98,41,n/a,101+,51+,101+,101+,51+,1,17.3,17.3,53.7,n/a,5,2.6,4.7,8.2,2.8
The University of Kurdistan Hewlêr,/universities/university-kurdistan-hewler,Asia,Iraq,Erbil,https://www.topuniversities.com/sites/default/files/231012114203am998110download-48x48.jpg,n/a,190,,False,False,n/a,101+,101+,18,n/a,101+,51+,101+,101+,51+,n/a,5.7,4.6,82.9,n/a,4.4,3.2,8.6,6.1,3.9
University of Manouba,/universities/university-manouba,Africa,Tunisia,Manouba,https://www.topuniversities.com/sites/default/files/231210084806am236438th-48x48.jpg,n/a,191,,False,False,n/a,97,95,101+,101+,101+,51+,101+,98,51+,n/a,16.5,17.6,16.1,1.7,4.8,6.1,5.8,20.4,1.2
University of Aden,/universities/university-aden,Asia,Yemen,Aden,https://www.topuniversities.com/sites/default/files/Aden%20University%20Logo.jpg,n/a,192,,False,False,n/a,101+,101+,101+,n/a,n/a,51+,101+,101+,51+,n/a,2,1.6,7,n/a,n/a,2.5,5.7,18.8,12.3
University of Al-Qadisiyah,/universities/university-al-qadisiyah,Asia,Iraq,Al Diwaniyah,https://www.topuniversities.com/sites/default/files/university-of-qadisiyah_592560e29988f300e23212fd_small.jpg,n/a,193,,False,False,101+,101+,101+,101+,n/a,n/a,51+,98,81,51+,1.7,9.2,15.2,1.7,n/a,n/a,2.9,21.3,26.5,2.2
"University of Science & Technology, Yemen",/universities/university-science-technology-yemen,Asia,Yemen,Aden,https://www.topuniversities.com/sites/default/files/university-of-science-technology-yemen_592560cf2aeae70239af5473_small.jpg,n/a,194,,False,False,101+,101+,101+,86,101+,76,51+,101+,101+,51+,1,3.4,8.3,24.9,1.7,14.2,6.2,14.8,1,13.3
Université 8 Mai 1945 – Guelma,/universities/universite-8-mai-1945-guelma,Africa,Algeria,Guelma,https://www.topuniversities.com/sites/default/files/221210120307pm475642logo-48x48.jpg,n/a,195,,False,False,n/a,101+,101+,101+,101+,101+,51+,94,101+,51+,n/a,9.9,12.3,19.4,1.1,1.8,1.8,22.1,18.2,2.8
University of Laghouat,/universities/university-laghouat,Africa,Algeria,M'kam/Laghouat,https://www.topuniversities.com/sites/default/files/221210052828pm948369uatl-logo-48x48.jpg,n/a,196,,False,False,101+,101+,101+,101+,101+,101+,51+,16,101+,n/a,9.9,10.6,12.3,4.7,1.1,1.6,1.5,90.4,2.2,n/a
Université Badji Mokhtar - Annaba,/universities/universite-badji-mokhtar-annaba,Africa,Algeria,Annaba,https://www.topuniversities.com/sites/default/files/Logo-QS-2-48x48.jpg,n/a,197,,False,False,n/a,71,101+,101+,101+,101+,51+,101+,101+,51+,n/a,29.3,14.4,6.4,1.2,4.4,5.3,12.1,9.2,5.1
Université Libanaise Internationale,/universities/universite-libanaise-internationale,Africa,Lebanon,Beirut,https://www.topuniversities.com/sites/default/files/LIU%20Logo.jpg,n/a,198,,False,False,n/a,101+,101+,101+,n/a,n/a,51+,101+,101+,51+,n/a,3.6,1.9,9.7,n/a,n/a,9.3,10.2,5.3,13.4
Université Mohammed Premier  UMP,/universities/universite-mohammed-premier-ump,Africa,Morocco,Oujda,https://www.topuniversities.com/sites/default/files/universit-mohammed-premier-ump_592560e49988f300e232173c_small.jpg,n/a,199,,False,False,n/a,70,30,101+,n/a,n/a,51+,101+,101+,51+,n/a,29.3,54.6,4,n/a,n/a,4,8.2,1,2.8
Université de Bejaia,/universities/universite-de-bejaia,Africa,Algeria,Béjaïa,https://www.topuniversities.com/sites/default/files/universit-de-bejaia_592560e29988f300e2321267_small.jpg,n/a,200,,False,False,101+,101+,101+,101+,n/a,101+,51+,101+,101+,51+,1,8.6,8,11.6,n/a,1.6,7,19.4,10.1,2.6
Université de Gabès,/universities/universite-de-gabes,Africa,Tunisia,Gabès,https://www.topuniversities.com/sites/default/files/universit-de-gabs_592560e39988f300e2321665_small.jpg,n/a,201,,False,False,n/a,101+,26,101+,n/a,n/a,51+,101+,101+,51+,n/a,14,64.8,18.9,n/a,n/a,4.5,4.9,5.1,3.5
University Mohamed Boudiaf of M'Sila,/universities/university-mohamed-boudiaf-msila,Africa,Algeria,M'sila,https://www.topuniversities.com/sites/default/files/logo-univmsila-3-48x48.jpg,n/a,202,,False,False,101+,101+,101+,101+,101+,101+,51+,35,101+,n/a,1,5.6,8.4,4.3,1.4,3,4.4,64.3,5.8,n/a
The World Islamic Sciences and Education University (WISE),/universities/world-islamic-sciences-education-university-wise,Asia,Jordan,Amman,https://www.topuniversities.com/sites/default/files/the-world-islamic-sciences-and-education-university_592560e39988f300e2321372_small.jpg,n/a,203,,False,False,22,101+,101+,101+,101+,75,51+,101+,101+,51+,89.3,2.1,5,1.6,5.7,14.5,4.5,6.6,2.6,2.3
Al-Aqsa University,/universities/al-aqsa-university,Asia,Palestinian Territories,Gaza,https://www.topuniversities.com/sites/default/files/httpswww.alaqsa.edu.ps_592560e49988f300e2321796_small.jpg,n/a,204,,False,False,93,101+,101+,42,101+,101+,51+,101+,101+,51+,18.3,2.5,2.5,51.9,3.4,3.2,3.7,10.1,1.2,1
Al-Muthanna University,/universities/al-muthanna-university,Asia,Iraq,Samawah,https://www.topuniversities.com/sites/default/files/Logo-3-48x48.jpg,n/a,205,,False,False,101+,101+,101+,101+,101+,101+,51+,101+,101+,51+,1,2.9,14.1,2.2,2.3,1.1,3.2,9,6.5,2.5
Lebanese French University Iraq,/universities/lebanese-french-university-iraq,Asia,Iraq,Irbil,https://www.topuniversities.com/sites/default/files/220304071449am565050fev0sSfaHnstLdHaBwvg-48x48.jpg,n/a,206,,False,False,n/a,101+,36,101+,n/a,n/a,51+,101+,101+,51+,n/a,1.9,47.7,5.5,n/a,n/a,2.6,8.4,1.1,2.6
Irbid National University,/universities/irbid-national-university,Asia,Jordan,Irbid,https://www.topuniversities.com/sites/default/files/221014121632pm800104%D8%AC%D8%A7%D9%85%D8%B9%D8%A9-%D8%A7%D8%B1%D8%A8%D8%AF-%D8%A7%D9%84%D8%A7%D9%87%D9%84%D9%8A%D8%A9-48x48.jpg,n/a,207,,False,False,101+,101+,101+,101+,101+,82,51+,101+,101+,51+,1.2,3,9.7,2.9,2.8,11.6,4.3,5.7,3.2,3.8
National University Sudan,/universities/national-university-sudan,Africa,Sudan,Khartoum,https://www.topuniversities.com/sites/default/files/231206103644am381607logo-48x48.jpg,n/a,208,,False,False,101+,101+,101+,n/a,101+,96,51+,101+,101+,51+,1,1.1,1.7,n/a,2.2,8.2,4.5,4.5,16.5,1.7
Northern Technical University Iraq,/universities/northern-technical-university-iraq,Asia,Iraq,Mosul,https://www.topuniversities.com/sites/default/files/northern-technical-university-iraq_5c8780875c52f3048f39abf1_small.jpg,n/a,209,,False,False,101+,101+,101+,101+,101+,101+,51+,101+,101+,51+,1,7.9,10.8,3.5,1.1,1.1,5.6,11.1,2.3,4.9
Omar Al Mukhtar University,/universities/omar-al-mukhtar-university,Africa,Libya,Al Bayda,https://www.topuniversities.com/sites/default/files/Omar.jpg,n/a,210,,False,False,n/a,101+,n/a,101+,n/a,n/a,51+,101+,n/a,51+,n/a,5.6,n/a,7.5,n/a,n/a,3.2,10.1,n/a,11.8
Sana'a University,/universities/sanaa-university,Asia,Yemen,Sana'a,https://www.topuniversities.com/sites/default/files/Sana%27a%20University%20Logo.jpg,n/a,211,,False,False,n/a,101+,101+,101+,n/a,n/a,51+,101+,101+,51+,n/a,7,3.8,17.2,n/a,n/a,3.7,7,1.4,12.3
Sebha University,/universities/sebha-university,Africa,Libya,Sebha,https://www.topuniversities.com/sites/default/files/220126051102am890445%D8%B4%D8%B9%D8%A7%D8%B1-1%D8%A7%D9%84%D8%AC%D8%A7%D9%85%D8%B9%D8%A9.jpg-1-48x48.jpg,n/a,212,,False,False,n/a,101+,101+,72,70,100,51+,101+,101+,51+,n/a,2.7,3.1,32.4,22.5,7.8,2.4,9.6,2.1,1.5
Thamar University,/universities/thamar-university,Asia,Yemen,Dhamar,https://www.topuniversities.com/sites/default/files/221014120823pm143754pageHeaderTitleImage-en-US-48x48.jpg,n/a,213,,False,False,n/a,101+,101+,75,n/a,n/a,51+,101+,101+,51+,n/a,2.5,5,29,n/a,n/a,2.7,4.6,2.4,4.6
University of Aleppo,/universities/university-aleppo,Asia,Syria,Aleppo,https://www.topuniversities.com/sites/default/files/Aleppo%20University%20Logo.jpg,n/a,214,,False,False,n/a,101+,n/a,101+,n/a,n/a,51+,101+,n/a,51+,n/a,3.2,n/a,7.7,n/a,n/a,6.5,6.5,n/a,9.5
University of Bahri,/universities/university-bahri,Africa,Sudan,Alkadroo,https://www.topuniversities.com/sites/default/files/231012114910am118357download--10--48x48.jpg,n/a,215,,False,False,n/a,101+,101+,101+,n/a,n/a,51+,101+,101+,51+,n/a,1.5,2.4,17,n/a,n/a,3.7,5.8,3.7,5.6
University of Gezira,/universities/university-gezira,Africa,Sudan,Wad Madani,https://www.topuniversities.com/sites/default/files/Gezira.jpg,n/a,216,,False,False,n/a,101+,101+,89,n/a,n/a,51+,101+,101+,51+,n/a,8.7,4.5,23.8,n/a,n/a,5,8.8,2,4.6
University of Kirkuk,/universities/university-kirkuk,Asia,Iraq,Kirkuk,https://www.topuniversities.com/sites/default/files/university-of-kirkuk_592560cf2aeae70239af5a01_small.jpg,n/a,217,,False,False,101+,101+,101+,101+,101+,101+,51+,101+,101+,51+,1,4.2,6.3,1.1,1.1,1,5.4,12.5,2.9,7.3
University of Thi-Qar,/universities/thiqar-university,Asia,Iraq,Nasiriyah,https://www.topuniversities.com/sites/default/files/thiqar-university_592560e09988f300e2320be5_small.jpg,n/a,218,,False,False,101+,101+,101+,101+,n/a,n/a,51+,101+,101+,51+,2,4.1,11.6,1.5,n/a,n/a,2.3,10.3,8.6,3.2
Université Abdelmalek Essaadi,/universities/universite-abdelmalek-essaadi,Africa,Morocco,Tétouan,https://www.topuniversities.com/sites/default/files/Universit%C3%A9%20Abdelmalek%20Essaadi%20University%20logo.jpg,n/a,219,,False,False,n/a,101+,42,101+,n/a,n/a,51+,101+,101+,51+,n/a,15.9,42.9,3.5,n/a,n/a,4,11.2,1,1.6
University of Oum El Bouaghi,/universities/university-oum-el-bouaghi,Africa,Algeria,Oum El Bouaghi,https://www.topuniversities.com/sites/default/files/230105053412pm706603Logo-48x48.jpg,n/a,220,,False,False,80,101+,101+,101+,n/a,101+,51+,101+,101+,51+,29.1,6.5,9.7,2.6,n/a,1.1,2.5,11.9,8.5,2.8
University of M'Hamed Bougara Boumerdes,/universities/university-mhamed-bougara-boumerdes,Africa,Algeria,Boumerdes,https://www.topuniversities.com/sites/default/files/university-of-mhamed-bougara-boumerdes_592560e29988f300e23212cb_small.jpg,n/a,221,,False,False,101+,101+,101+,101+,101+,101+,51+,101+,101+,51+,1,7.2,11.9,8.9,1,1.9,3.2,15.6,4.3,2
Universite d'Oran,/universities/universit-doran,Africa,Algeria,Oran,https://www.topuniversities.com/sites/default/files/211007111623am482869doran-48x48.jpg,n/a,222,,False,False,n/a,101+,101+,101+,n/a,n/a,51+,72,101+,51+,n/a,4.8,13,4.7,n/a,n/a,2.8,30.4,4.1,2.4
Wasit University,/universities/wasit-university,Asia,Iraq,Kut,https://www.topuniversities.com/sites/default/files/221222103659pm299636download-48x48.jpg,n/a,223,,False,False,101+,101+,101+,101+,n/a,n/a,51+,101+,101+,51+,8.6,4.6,11.6,5.8,n/a,n/a,3.2,11.8,6.3,3
