University Name,Path,Region,Country,City,logo,Overall Score,Overall Rank,stars,dagger,redact,Value for Money Rank,Diversity Rank,Thought Leadership Rank,Employability Rank,Alumni Outcomes Rank,Value for Money Score,Diversity Score,Thought Leadership Score,Employability Score,Alumni Outcomes Score
HEC Paris,/universities/hec-paris-business-school/hec-paris-mba,Europe,France,Paris,https://www.topuniversities.com/sites/default/files/profiles/logos/hec-paris-mba_15094_small.jpg,100,1,,False,False,=1,59+,1,1,=1,100,75.1,98.6,99.6,100
ESSEC Business School,/universities/essec-business-school,Europe,France,Paris,https://www.topuniversities.com/sites/default/files/profiles/logos/essec-business-school_198_small.jpg,96,2,,False,False,=1,20+,6,9,6,100,91,93.6,88.4,99.1
London Business School,/universities/london-business-school,Europe,United Kingdom,London,https://www.topuniversities.com/sites/default/files/profiles/logos/london-business-school_592560cf2aeae70239af4be5_small.jpg,93.4,3,,False,False,48,63+,7,2,=1,80.9,74.3,93.2,97.3,100
IE Business School,/universities/ie-university/ie-business-school,Europe,Spain,Segovia,https://www.topuniversities.com/sites/default/files/profiles/logos/230302032731pm314785IE-BS-logo-200x200-48x48.jpg,92.8,4,,False,False,6,29+,9,11,11,98.6,86,92.8,87.2,89.6
INSEAD,/universities/insead,Europe,France,Fontainebleau,https://www.topuniversities.com/sites/default/files/profiles/logos/insead_592560cf2aeae70239af4ba8_small.jpg,91.6,5,,False,False,15,101+,4,4,20,95.3,63.5,94.1,94.6,82.6
ESCP Europe,/universities/escp-business-school-paris,Europe,France,Paris,https://www.topuniversities.com/sites/default/files/profiles/logos/escp-business-school-paris_592560cf2aeae70239af4b44_small.jpg,91.2,6,,False,False,21,12+,17,5,28,92.8,94.8,85.1,92.9,79.1
ESADE/UVA McIntire/Lingnan,/universities/university-virginia/mcintire-school-commerce,North America,United States,"Charlottesville (VA), Barcelona, Ghangzhou",https://www.topuniversities.com/sites/default/files/profiles/logos/mcintire-school-of-commerce_59da0a6cca24f37c1b2b4d5e_small.jpg,90.9,7,,False,False,12,111+,2,10,13,96.7,60.8,98.2,88,88.6
Esade Business School,/universities/esade,Europe,Spain,Barcelona,https://www.topuniversities.com/sites/default/files/profiles/logos/230126101541am990261logo-esade-200x200-48x48.jpg,89.7,8,,False,False,14,59+,5,6,=44,95.5,75.1,93.9,92.2,69.6
Copenhagen Business School,/universities/copenhagen-business-school,Europe,Denmark,Copenhagen,https://www.topuniversities.com/sites/default/files/profiles/logos/copenhagen-business-school_710_small.jpg,88.4,9,,False,False,56,66+,13,8,=4,77.9,73.9,89,89,99.7
WU Vienna,/universities/wu-vienna-university-economics-business,Europe,Austria,Vienna,https://www.topuniversities.com/sites/default/files/profiles/logos/wu-vienna-university-of-economics-and-business_592560cf2aeae70239af4d89_small.jpg,86.5,10,,False,False,70,67+,3,7,16,72.2,73.4,95.4,90.5,85.2
CEMS,/universities/cems-global-alliance-management-education,Europe,France,World-Wide,https://www.topuniversities.com/sites/default/files/profiles/logos/220111105646am810827CEMS-Logo-Square-48x48.jpeg,86.4,11,,False,False,11,31+,18,14,26,96.8,84.7,82.9,82.6,79.5
Bocconi University,/universities/bocconi-university/sda-bocconi-school-management,Europe,Italy,Milan,https://www.topuniversities.com/sites/default/files/profiles/logos/sda-bocconi-school-of-management_592560cf2aeae70239af555f_small.jpg,86.3,12,,False,False,=18,82+,16,12,17,93.8,68.3,85.9,84.6,84.8
EMlyon business school,/universities/emlyon-business-school,Europe,France,Lyon,https://www.topuniversities.com/sites/default/files/profiles/logos/211005052214pm924585emlyon-logo-seul-cmjn-48x48.jpg,85.6,13,,False,False,22,19+,14,=26,14,92,91.8,88.3,74.3,88.4
Imperial College Business School,/universities/imperial-college-london/imperial-college-business-school,Europe,United Kingdom,London,https://www.topuniversities.com/sites/default/files/profiles/logos/imperial-college-business-school_592560cf2aeae70239af580f_small.jpg,84.3,14,,False,False,121-130,32+,11,3,22,53.2,84.6,91.7,96.5,80.7
EDHEC Business School,/universities/edhec-business-school,Europe,France,Roubaix,https://www.topuniversities.com/sites/default/files/profiles/logos/edhec-business-school_179_small.jpg,82.8,15,,False,False,5,49+,=25,18,30,98.8,79.3,77.2,77.5,78.4
Erasmus (RSM),/universities/erasmus-university-rotterdam/rotterdam-school-management-erasmus-university,Europe,Netherlands,Rotterdam,https://www.topuniversities.com/sites/default/files/profiles/logos/210722010220pm240208Untitled-design-48x48.jpg,81.6,16,,False,False,33,62+,12,15,50,86.1,74.5,91.2,80.2,66.9
London School of Economics,/universities/london-school-economics-political-science-lse,Europe,United Kingdom,London,https://www.topuniversities.com/sites/default/files/profiles/logos/london-school-of-economics-and-political-science-lse_362_small.jpg,80.6,17,,False,False,141-150,13+,10,16,7,49,94.2,92.6,79.4,97
Warwick Business School,/universities/university-warwick/warwick-business-school,Europe,United Kingdom,Coventry,https://www.topuniversities.com/sites/default/files/profiles/logos/warwick-business-school_592560cf2aeae70239af5573_small.jpg,80,18,,False,False,89,9+,8,17,37,64.2,95.6,93.1,78.3,74.3
Michigan (Ross),/universities/university-michigan-ann-arbor/michigan-ross-school-business,North America,United States,Ann Arbor (MI),https://www.topuniversities.com/sites/default/files/profiles/logos/michigan-ross-school-of-business_592560cf2aeae70239af5886_small.jpg,79.2,19,,False,False,8,101+,21,=42,9,97.8,63.4,79.1,65.7,95
Duke (Fuqua),/universities/duke-university/fuqua-school-business,North America,United States,Durham (NC),https://www.topuniversities.com/sites/default/files/profiles/logos/the-fuqua-school-of-business_592560cf2aeae70239af56da_small.jpg,76.5,20,,False,False,9,93+,43,47,8,97.4,66.3,68.9,63.5,96
Peking University HSBC Business School,/universities/peking-university/peking-university-hsbc-business-school-phbs,Asia,China (Mainland),shenzhen,https://www.topuniversities.com/sites/default/files/profiles/logos/peking-university-hsbc-business-school_592560cf2aeae70239af591f_small.jpg,76.1,21,,False,False,94,111+,19,13,21,62.8,60.4,82,82.8,81.7
WHU (Otto Beisheim),/universities/whu-otto-beisheim-school-management,Europe,Germany,Koblenz,https://www.topuniversities.com/sites/default/files/profiles/logos/Design-ohne-Titel-48x48.jpg,75.6,22,,False,False,=18,141+,=25,53,=4,93.8,51.3,77.2,61.2,99.7
Manchester (Alliance),/universities/university-manchester/alliance-manchester-business-school,Europe,United Kingdom,Manchester,https://www.topuniversities.com/sites/default/files/profiles/logos/alliance-manchester-business-school_592560cf2aeae70239af556d_small.jpg,74.7,23,,False,False,90,45+,15,36,24,63.7,79.9,87.9,70.1,80.4
SKEMA Business School,/universities/skema-business-school,Europe,France,Paris,https://www.topuniversities.com/sites/default/files/profiles/logos/skema-business-school_592560cf2aeae70239af4af5_small.jpg,74.7,24,,False,False,74,4+,30,29,46,70.2,98.1,74.9,73.5,69.2
University of Sydney Business School,/universities/university-sydney/university-sydney-business-school,Oceania,Australia,Sydney,https://www.topuniversities.com/sites/default/files/profiles/logos/the-university-of-sydney-business-school_592560cf2aeae70239af58ba_small.jpg,73.9,25,,False,False,66,46+,32,35,23,73.4,79.6,74.4,70.3,80.5
"University of Mannheim, Business School",/universities/universitat-mannheim/mannheim-business-school,Europe,Germany,Mannheim,https://www.topuniversities.com/sites/default/files/profiles/logos/mannheim-business-school_592560cf2aeae70239af556e_small.jpg,73.3,26,,False,False,=50,80+,20,31,59,80.5,68.9,79.4,72.8,62.2
TUM School of Management,/universities/technical-university-munich/tum-school-management,Europe,Germany,Munich,https://www.topuniversities.com/sites/default/files/profiles/logos/tum-school-of-management_592560cf2aeae70239af55ab_small.jpg,71.5,27,,False,False,49,89+,39,22,73,80.7,67.5,72,76.3,54.2
Cranfield School of Management,/universities/cranfield-university/cranfield-school-management,Europe,United Kingdom,Bedford,https://www.topuniversities.com/sites/default/files/profiles/logos/SOM-logo-200x200-1-48x48.jpg,70.3,28,,False,False,71,74+,38,30,55,71.7,72.2,72.3,72.9,63.9
Vlerick Business School,/universities/vlerick-business-school,Europe,Belgium,Gent,https://www.topuniversities.com/sites/default/files/profiles/logos/vlerick-business-school_592560cf2aeae70239af4d14_small.jpg,69.9,29,,False,False,38,100+,47,32,=60,84.5,64.3,64.7,72.1,61.4
BI Norwegian Business School,/universities/bi-norwegian-business-school,Europe,Norway,Oslo,https://www.topuniversities.com/sites/default/files/profiles/logos/bi-norwegian-business-school_592560cf2aeae70239af4abb_small.jpg,69.2,30,,False,False,83,141+,24,28,48,66.4,53.3,77.5,73.6,68
Indian Institute of Management Bangalore,/universities/indian-institute-management-iim-bangalore,Asia,India,Bangalore,https://www.topuniversities.com/sites/default/files/profiles/logos/indian-institute-of-management-iim-bangalore_1903_small.jpg,68.4,31,,False,False,=100,151+,22,33,10,60.2,24.2,78.8,71.8,94
UCD (Smurfit),/universities/university-college-dublin/ucd-michael-smurfit-graduate-business-school,Europe,Ireland,Dublin,https://www.topuniversities.com/sites/default/files/profiles/logos/ucd-michael-smurfit-graduate-business-school_592560cf2aeae70239af558b_small.jpg,68.3,32,,False,False,54,90+,45,34,64,79.3,67.4,65.9,70.5,59.2
University of Edinburgh Business School,/universities/university-edinburgh-business-school,Europe,United Kingdom,Edinburgh,https://www.topuniversities.com/sites/default/files/profiles/logos/university-of-edinburgh-business-school_14432_small.jpg,67.6,33,,False,False,111-120,24+,29,40,52,55.3,88.8,75.5,68.1,65.8
Nova School of Business,/universities/nova-school-business-economics,Europe,Portugal,Lisbon,https://www.topuniversities.com/sites/default/files/nova-school-of-business-and-economics_592560cf2aeae70239af599b_medium_1.jpg,67.5,34,,False,False,57,61+,33,25,141-150,77.7,75,74.2,74.9,30.1
Grenoble Ecole de Management,/universities/grenoble-ecole-de-management/grenoble-ecole-de-management,Europe,France,Grenoble,https://www.topuniversities.com/sites/default/files/profiles/logos/grenoble-ecole-de-management-grenoble-gsb_592560cf2aeae70239af5883_small.jpg,67.4,35,,False,False,59,25+,23,52,89,76.2,88.4,78,61.3,49.1
British Columbia (Sauder),/universities/university-british-columbia/sauder-school-business,North America,Canada,Vancouver (BC),https://www.topuniversities.com/sites/default/files/profiles/logos/sauder-school-of-business_592560cf2aeae70239af5916_small.jpg,66.2,36,,False,False,101-110,51+,37,51,29,59.3,78.6,72.6,61.4,78.6
Politecnico di Milano,/universities/polimi-graduate-school-management,Europe,Italy,Milano,https://www.topuniversities.com/sites/default/files/profiles/logos/220518034753pm4921441651566898417-48x48.jpg,66,37,,False,False,=50,98+,=60,24,101-110,80.5,64.5,61.1,75.3,41
Universidad Complutense de Madrid (UCM),/universities/complutense-university-madrid,Europe,Spain,Madrid,https://www.topuniversities.com/sites/default/files/profiles/logos/complutense-university-of-madrid_592560cf2aeae70239af4bff_small.jpg,65.6,38,,False,False,10,18+,90,69,63,97,93.1,51.3,54.7,59.5
Trinity College Dublin,/universities/trinity-college-dublin-university-dublin/trinity-college-dublin,Europe,Ireland,Dublin,https://www.topuniversities.com/sites/default/files/profiles/logos/trinity-college-dublin_19518_small.jpg,65.4,39,,False,False,131-140,37+,=49,39,36,51.9,82.4,63.9,69.4,74.4
Audencia Business School,/universities/audencia-business-school,Europe,France,Nantes,https://www.topuniversities.com/sites/default/files/profiles/logos/audencia-business-school_592560cf2aeae70239af4db3_small.jpg,64.9,40,,False,False,101-110,13+,=60,46,=44,58.8,94.2,61.1,64.3,69.6
EBS Business School,/universities/ebs-business-school,Europe,Germany,Oestrich-Winkel,https://www.topuniversities.com/sites/default/files/profiles/logos/ebs-business-school_203_small.jpg,64.6,41,,False,False,16,141+,111-120,50,33,94.6,53.1,44.7,61.5,76.1
IIM Ahmedabad,/universities/indian-institute-management-iim-ahmedabad,Asia,India,Ahmedabad,https://www.topuniversities.com/sites/default/files/profiles/logos/indian-institute-of-management-ahmedabad_1901_small.jpg,64.3,42,,False,False,131-140,151+,40,19,25,52.3,22.9,70.5,77,80.3
Frankfurt School of Finance & Management,/universities/frankfurt-school-finance-management,Europe,Germany,Frankfurt am Main,https://www.topuniversities.com/sites/default/files/profiles/logos/frankfurt-school-of-finance-management_592560cf2aeae70239af5775_small.jpg,63.9,43,,False,False,34,91+,97,=20,131-140,85.8,67.2,49.8,76.9,31.8
Fundação Getulio Vargas (FGV),/universities/fundacao-getulio-vargas-fgv,Latin America,Brazil,São Paulo,https://www.topuniversities.com/sites/default/files/fundao-getulio-vargas-fgv_206_small.jpg,63.7,44,,False,False,151+,151+,56,=20,3,30.2,48.9,62.1,76.9,99.9
KEDGE Business School,/universities/kedge-business-school,Europe,France,Paris,https://www.topuniversities.com/sites/default/files/profiles/logos/kedge-business-school_592560e19988f300e2320ed3_small.jpg,63.3,45,,False,False,67,51+,83,=42,65,73.3,78.6,52.6,65.7,59
Boston (Questrom),/universities/boston-university/questrom-school-business,North America,United States,Boston (MA),https://www.topuniversities.com/sites/default/files/profiles/logos/school-of-management-boston-university_14153_small.jpg,63,46,,False,False,41,98+,101-110,=66,15,82.9,64.5,46.1,55.2,87.8
HKUST,/universities/hong-kong-university-science-technology/hkust-business-school,Asia,Hong Kong SAR,Hong Kong SAR,https://www.topuniversities.com/sites/default/files/profiles/logos/hkust-business-school_592560cf2aeae70239af582d_small.jpg,62.9,47,,False,False,151+,95+,=25,23,68,37.5,65.3,77.2,76.2,56.6
Antwerp Management School,/universities/antwerp-management-school,Europe,Belgium,Antwerp,https://www.topuniversities.com/sites/default/files/profiles/logos/antwerp-management-school_592560cf2aeae70239af5389_small.jpg,62.8,48,,False,False,=50,92+,51,55,70,80.5,66.4,63.4,59.1,56
Western (Ivey),/universities/university-western-ontario/ivey-business-school,North America,Canada,London (ON),https://www.topuniversities.com/sites/default/files/profiles/logos/ivey-business-school_592560cf2aeae70239af58c2_small.jpg,61.3,49,,False,False,63,83+,=78,=56,39,74.1,68.1,53.8,57.3,72
IIM Calcutta,/universities/indian-institute-management-iim-calcutta,Asia,India,Kolkata,https://www.topuniversities.com/sites/default/files/profiles/logos/indian-institute-of-management-iim-calcutta_592560cf2aeae70239af5204_small.jpg,61.2,50,,False,False,141-150,151+,35,=26,=40,46.8,24.6,73.3,74.3,71
Durham University Business School,/universities/durham-university-business-school,Europe,United Kingdom,Durham,https://www.topuniversities.com/sites/default/files/profiles/logos/durham-university-business-school-_592560cf2aeae70239af595f_small.jpg,60.4,51,,False,False,111-120,30+,48,45,98,55.5,85.5,64.6,65.1,47
EGADE Business School,/universities/tecnologico-de-monterrey/egade-business-school,Latin America,Mexico,Monterrey,https://www.topuniversities.com/sites/default/files/profiles/logos/egade-business-school_592560cf2aeae70239af558c_small.jpg,60.4,52,,False,False,101-110,151+,73,38,43,60.1,43.3,55.8,69.6,70.3
Universidad Carlos III de Madrid,/universities/universidad-carlos-iii-de-madrid-uc3m/universidad-carlos-iii-de-madrid-business-school,Europe,Spain,Madrid,https://www.topuniversities.com/sites/default/files/profiles/logos/universidad-carlos-iii-de-madrid-the-business-school_592560cf2aeae70239af570c_small.jpg,59.5,53,,False,False,36,77+,31,63,151+,84.8,69.5,74.5,55.5,22.7
University of Bristol,/universities/university-bristol/school-accounting-finance,Europe,United Kingdom,Bristol,https://www.topuniversities.com/sites/default/files/profiles/logos/220922091736am521921download-48x48.jpg,58.8,54,,False,False,=80,50+,77,70,53,66.8,79,54.3,54.4,65.3
Texas A&M University,/universities/texas-am-university/mays-business-school,North America,United States,College Station (TX),https://www.topuniversities.com/sites/default/files/profiles/logos/mays-business-school_592560cf2aeae70239af56ff_small.jpg,58.2,55,,False,False,35,121+,91,101-110,35,85.3,57.1,51.1,46.2,75.4
Solvay (Brussels),/universities/universite-libre-de-bruxelles/solvay-brussels-school-economics-management-ulb,Europe,Belgium,Brussels,https://www.topuniversities.com/sites/default/files/profiles/logos/210825101055am68524120150118-SBSEM-OfficialLogoSquare-1700x1700-min-48x48.jpg,58,56,,False,False,53,151+,111-120,41,93,79.6,50.3,44.1,66.5,48.3
IESEG School of Management,/universities/ieseg-school-management-lille-paris-france,Europe,France,"Lille, Paris",https://www.topuniversities.com/sites/default/files/profiles/logos/iseg-school-of-management-lille-paris-france_2447_small.jpg,57.5,57,,False,False,96,2+,53,131-140,27,62,99.4,62.7,37.3,79.4
City University of Hong Kong,/universities/city-university-hong-kong,Asia,Hong Kong SAR,Hong Kong,https://www.topuniversities.com/sites/default/files/profiles/logos/city-university-of-hong-kong_592560cf2aeae70239af4b05_small.jpg,57.4,58,,False,False,141-150,111+,58,37,88,47.6,61.2,61.3,69.9,49.6
Aalto University,/universities/aalto-university/aalto-university-school-business,Europe,Finland,Helsinki,https://www.topuniversities.com/sites/default/files/profiles/logos/230906055705am675157aalto-biz-logo-48x48.jpg,56.6,59,,False,False,131-140,151+,28,49,=94,52.3,44.4,76.1,62.1,48
Bath School of Management,/universities/university-bath/university-bath-school-management,Europe,United Kingdom,Bath,https://www.topuniversities.com/sites/default/files/profiles/logos/university-of-bath-school-of-management_592560cf2aeae70239af55b4_small.jpg,55,60,,False,False,151+,23+,44,=59,58,30.5,89.5,67.8,56.3,62.3
Maryland (Smith),/universities/university-maryland-college-park/university-maryland-robert-h-smith-school-business,North America,United States,College Park (MD),https://www.topuniversities.com/sites/default/files/profiles/logos/robert-h.-smith-school-of-business_14553_small.jpg,55,61,,False,False,40,131+,101-110,141-150,12,83,53.4,48.7,36.1,89.4
Shanghai Jiao Tong (Antai),/universities/shanghai-jiao-tong-university/antai-college-economics-management,Asia,China (Mainland),"Shanghai, Shenzhen, Singapore",https://www.topuniversities.com/sites/default/files/profiles/logos/antai-college-of-economics-management_592560cf2aeae70239af58a3_small.jpg,54.1,62,,False,False,131-140,151+,55,54,66,51.7,42,62.2,60.1,58.9
ESMT Berlin,/universities/esmt-berlin,Europe,Germany,Berlin,https://www.topuniversities.com/sites/default/files/profiles/logos/esmt-berlin_592560cf2aeae70239af5753_small.jpg,53.4,63,,False,False,62,71+,65,75,151+,74.6,72.8,57.4,52.7,27.9
Thammasat Business School,/universities/thammasat-university/thammasat-business-school,Asia,Thailand,Bangkok,https://www.topuniversities.com/sites/default/files/profiles/logos/thammasat-business-school_5f18352610ca607e852e7395_small.jpg,53.3,64,,False,False,121-130,101+,63,=78,=60,53.3,62,59.7,51.9,61.4
Toulouse Business School,/universities/tbs-education,Europe,France,Toulouse,https://www.topuniversities.com/sites/default/files/profiles/logos/211004092943am9012571-Logo-TBS-Education-ROND-CMJN-fond-rouge-2020-48x48.jpg,55,65,,False,False,=91,15+,63,92,121-130,63.1,93.3,60.3,48.8,37.2
Birmingham Business School,/universities/university-birmingham/birmingham-business-school,Europe,United Kingdom,Birmingham,https://www.topuniversities.com/sites/default/files/profiles/logos/birmingham-business-school_592560cf2aeae70239af55b3_small.jpg,53.2,66,,False,False,151+,55+,=49,72,72,43.7,76.8,63.9,53.5,54.5
Leeds University Business School,/universities/university-leeds/leeds-university-business-school,Europe,United Kingdom,Leeds,https://www.topuniversities.com/sites/default/files/profiles/logos/leeds-university-business-school-university-of-leeds_15210_small.jpg,52.8,67,,False,False,151+,34+,42,68,77,30.4,83.9,69.6,55.1,53.4
EAE Business School,/universities/eae-business-school,Europe,Spain,Barcelona,https://www.topuniversities.com/sites/default/files/profiles/logos/eae-business-school_592560cf2aeae70239af4b30_small.jpg,52.6,68,,False,False,=1,54+,151+,=64,151+,100,78.2,23.4,55.3,24.8
Northeastern (D'AmoreMcKim),/universities/northeastern-university/damore-mckim-school-business,North America,United States,Boston (MA),https://www.topuniversities.com/sites/default/files/profiles/logos/damore-mckim-school-of-business_592560cf2aeae70239af56f4_small.jpg,52.5,69,,False,False,7,151+,111-120,131-140,47,98.5,36.7,43,37.9,68.3
Lancaster University,/universities/lancaster-university/lancaster-university-management-school,Europe,United Kingdom,Lancaster,https://www.topuniversities.com/sites/default/files/profiles/logos/lancaster-university-management-school_5190_small.jpg,52.4,70,,False,False,151+,121+,34,71,80,40.4,57.8,73.6,54.3,51.7
"Macquarie Business School, Macquarie University",/universities/macquarie-university/macquarie-business-school-sydney-australia,Oceania,Australia,Sydney,https://www.topuniversities.com/sites/default/files/profiles/logos/macquarie-graduate-school-of-management_592560cf2aeae70239af56b9_small.jpg,52.2,71,,False,False,111-120,43+,111-120,87,57,56.8,80.3,44.1,50.4,62.6
HHL Leipzig Graduate School of Management,/universities/hhl-leipzig-graduate-school-management,Europe,Germany,Leipzig,https://www.topuniversities.com/sites/default/files/profiles/logos/hhl-leipzig-graduate-school-of-management_592560cf2aeae70239af4b8a_small.jpg,51.7,72,,False,False,13,151+,141-150,=99,69,96,32.2,38,46.7,56.4
IQS/FJU/LMU,/universities/fu-jen-catholic-university,Asia,Taiwan,"Barcelona, Taipei, San Francisco",https://www.topuniversities.com/sites/default/files/profiles/logos/fu-jen-catholic-university_217_small.jpg,51.7,73,,False,False,17,141+,121-130,151+,32,94.1,52,42.4,30.8,76.6
NEOMA Business School,/universities/neoma-business-school-france,Europe,France,Reims,https://www.topuniversities.com/sites/default/files/profiles/logos/neoma-business-school-france_592560cf2aeae70239af4fae_small.jpg,51.2,74,,False,False,98,4+,131-140,58,141-150,61,98.1,39.9,56.5,30.1
CENTRUM Catolica,/universities/centrum-catolica,Latin America,Peru,Santiago de Surco,https://www.topuniversities.com/sites/default/files/centrum-catolica_592560cf2aeae70239af5872_small.jpg,51,75,,False,False,141-150,131+,76,44,131-140,49.1,55,55.1,65.4,33.3
LUISS University,/universities/luiss-business-school,Europe,Italy,Rome,https://www.topuniversities.com/sites/default/files/profiles/logos/luiss-business-school_592560cf2aeae70239af5785_small.jpg,50.9,76,,False,False,85,121+,101-110,=56,111-120,65.4,58.4,46.6,57.3,39
Católica Lisbon School of Business and Economics,/universities/universidade-catolica-portuguesa-ucp/catolica-lisbon-school-business-economics,Europe,Portugal,Lisbon,https://www.topuniversities.com/sites/default/files/catlica-lisbon-school-of-business-and-economics_59b44f80acb29513ca379ec8_small.jpg,50.8,77,,False,False,86,34+,68,96,141-150,65,83.9,56.3,47.6,31.4
Higher School of Economics,/universities/hse-university/higher-school-economics,Europe,Russia,Moscow,https://www.topuniversities.com/sites/default/files/profiles/logos/management_59b53064acb29513cb206c52_small.jpg,50.8,78,,False,True,121-130,83+,=71,73,101-110,53.4,68.1,55.9,53.4,44.4
Notre Dame (Mendoza),/universities/university-notre-dame/mendoza-college-business,North America,United States,Notre Dame (IN),https://www.topuniversities.com/sites/default/files/profiles/logos/221212025137pm415752Copy-of-Mendoza-Logo-48x48.jpg,50.6,79,,False,False,58,151+,141-150,101-110,31,77.5,38.9,37.2,44.2,76.8
TIAS Business School,/universities/tias-school-business-society,Europe,Netherlands,Tilburg,https://www.topuniversities.com/sites/default/files/profiles/logos/tias-school-for-business-and-society_453_small.jpg,50.6,80,,False,False,42,151+,67,=84,151+,82.2,43.5,56.5,50.8,26.5
,,,,,,50.6,81,,False,False,141-150,58+,98,77,=78,50.3,75.6,49.5,52.2,53.3
Wollongong (Sydney),/universities/university-wollongong/sydney-business-school-university-wollongong,Oceania,Australia,"Wollongong, Dubai",https://www.topuniversities.com/sites/default/files/profiles/logos/sydney-business-school_592560cf2aeae70239af57aa_small.jpg,50.5,82,,False,False,20,71+,121-130,131-140,101-110,93,72.8,41.6,38.3,40.7
Arizona State (Carey),/universities/arizona-state-university/w-p-carey-school-business,North America,United States,Tempe (AZ),https://www.topuniversities.com/sites/default/files/profiles/logos/w.-p.-carey-school-of-business_592560cf2aeae70239af56c6_small.jpg,50.2,83,,False,False,43,151+,89,141-150,=40,82.1,38.4,51.4,35.3,71
UPF Barcelona School of Management,/universities/universitat-pompeu-fabra/upf-barcelona-school-management,Europe,Spain,Barcelona,https://www.topuniversities.com/sites/default/files/profiles/logos/upf-barcelona-school-of-management_592560cf2aeae70239af5913_small.jpg,50.2,84,,False,False,101-110,111+,54,89,101-110,57.8,58.8,62.6,48.7,43.3
Wits Business School,/universities/university-witwatersrand/wits-business-school,Africa,South Africa,Johannesburg,https://www.topuniversities.com/sites/default/files/profiles/logos/wits-business-school_592560df9988f300e2320a2d_small.jpg,49.7,85,,False,False,141-150,121+,141-150,80,18,46.7,56.3,37.5,51.3,84.1
Florida (Warrington),/universities/university-florida/university-florida-warrington-college-business,North America,United States,Gainesville (FL),https://www.topuniversities.com/sites/default/files/profiles/logos/UFMBA-200x200-whitebg-48x48.jpg,49.6,86,,False,False,111-120,151+,101-110,111-120,19,56.3,47.9,48.6,41.9,83
ESIC Business & Marketing School,/universities/esic,Europe,Spain,Barcelona,https://www.topuniversities.com/sites/default/files/profiles/logos/Logo-ESIC-200x200-1-48x48.jpg,49.4,87,,False,False,37,64+,151+,92,131-140,84.7,74.1,34.3,48.2,31.8
Bayes Business School,/universities/city-university-london/bayes-business-school,Europe,United Kingdom,London,https://www.topuniversities.com/sites/default/files/profiles/logos/210901094104am941328BayesBusinessSchool-FullLogo-RGB-48x48.jpg,49.3,88,,False,False,151+,47+,41,121-130,56,36.3,79.5,70.4,39.5,63.7
University of Technology Sydney Business School,/universities/university-technology-sydney/uts-business-school,Oceania,Australia,Sydney,https://www.topuniversities.com/sites/default/files/profiles/logos/university-of-technology-sydney_592560cf2aeae70239af58ee_small.jpg,49.2,89,,False,False,77,65+,111-120,111-120,90,68.5,74,43.8,43.9,49
Institut Mines-Telecom Business School,/universities/institut-mines-telecom-business-school,Europe,France,"Evry,  Paris",https://www.topuniversities.com/sites/default/files/institut-mines-tlcom-business-school_592560cf2aeae70239af59ad_medium_0.jpg,49.1,90,,False,False,78,7+,121-130,81,151+,68.2,97.6,41.1,51.2,20
Nottingham University Business School,/universities/university-nottingham/nottingham-university-business-school,Europe,United Kingdom,Nottingham,https://www.topuniversities.com/sites/default/files/profiles/logos/the-university-of-nottingham-business-school_5171_small.jpg,48.8,91,,False,False,151+,69+,57,74,76,29.7,73.2,62,52.9,53.5
Lehigh University,/universities/lehigh-university/lehigh-college-business,North America,United States,Bethlehem (PA),https://www.topuniversities.com/sites/default/files/profiles/logos/lehigh-university-college-of-business-and-economics_592560cf2aeae70239af5857_small.jpg,48.6,92,,False,False,25,141+,151+,121-130,=74,90.3,51.5,33.6,40.3,53.6
Michigan State (Eli Broad),/universities/michigan-state-university/michigan-state-university-broad-college-business,North America,United States,East Lansing (MI),https://www.topuniversities.com/sites/default/files/profiles/logos/230816025324pm355461Broad-and-FTMBA-Avatars-Page-1-48x48.jpg,48.4,93,,False,False,99,151+,84,121-130,49,60.5,48.5,52.2,40.8,67.9
University of Strathclyde Business School,/universities/university-strathclyde/strathclyde-business-school,Europe,United Kingdom,Glasgow,https://www.topuniversities.com/sites/default/files/profiles/logos/graduate-school-of-business-university-of-strathclyde_9015_small.jpg,48,94,,False,False,101-110,141+,=69,101-110,85,58,52.5,56,45.5,50.3
EHL Hospitality Business School,/universities/ehl-hospitality-business-school,Europe,Switzerland,Lausanne,https://www.topuniversities.com/sites/default/files/profiles/logos/ehl-ecole-htelire-de-lausanne_592560cf2aeae70239af4b31_small.jpg,47.7,95,,False,False,24,42+,151+,111-120,151+,90.5,80.5,31.5,42.3,27.1
George Washington,/universities/george-washington-university/george-washington-university-school-business,North America,United States,"Washington, D.C",https://www.topuniversities.com/sites/default/files/profiles/logos/george-washington-university-school-of-business_14479_small.png,47.4,96,,False,False,=100,121+,121-130,131-140,34,60.2,58.5,42.8,37.8,75.5
ICN Business School,/universities/icn-business-school,Europe,France,Paris,https://www.topuniversities.com/sites/default/files/profiles/logos/230517085820am925464Logo-petit-48x48.jpg,47.4,97,,False,False,65,3+,151+,111-120,141-150,73.6,98.8,32.1,43.9,30.9
"School of Economics and Management, University of Porto (FEP)",/universities/university-porto/school-economics-management-university-porto-fep,Europe,Portugal,Porto,https://www.topuniversities.com/sites/default/files/231030033140pm282066FEP-logo-200-200-90x90_1.jpg,47.4,98,,False,False,151+,111+,52,48,121-130,27.2,60.1,62.8,62.6,33.8
Thunderbird School of Global Management at ASU,/universities/thunderbird-school-global-management-asu,North America,United States,Phoenix (AZ),https://www.topuniversities.com/sites/default/files/profiles/logos/230227112146pm365892TB-ASU-200X200-48x48.jpg,47.4,99,,False,False,95,151+,151+,86,=40,62.3,42.1,29.6,50.7,71
Aston Business School,/universities/aston-university/aston-business-school,Europe,United Kingdom,Birmingham,https://www.topuniversities.com/sites/default/files/profiles/logos/aston-business-school_592560cf2aeae70239af558d_small.jpg,47.2,100,,False,False,111-120,101+,96,=90,101-110,54,63.9,50,48.4,44.5
Babson College (Olin),/universities/babson-college-fw-olin-graduate-school-business,North America,United States,Wellesley (MA),https://www.topuniversities.com/sites/default/files/profiles/logos/220404025748pm977408BabsonWordmark-S-green-jpg-logo-48x48.jpg,45.9,101,,False,False,87,151+,121-130,121-130,38,64.4,32.8,42.4,40.7,72.4
"Deusto, Audencia, Bradford",/universities/university-deusto/deusto-business-school-university-deusto,Europe,Spain,Bilbao,https://www.topuniversities.com/sites/default/files/profiles/logos/deusto-business-school-university-of-deusto_14758_small.jpg,46.5,102,,False,False,88,67+,111-120,83,151+,64.3,73.4,43,50.9,23.6
EADA Business School,/universities/eada-business-school-barcelona,Europe,Spain,Barcelona,https://www.topuniversities.com/sites/default/files/profiles/logos/eada-business-school-barcelona_721_small.jpg,46.8,103,,False,False,39,101+,151+,=90,151+,83.7,62.6,35.9,48.4,22.6
Excelia Business School,/universities/excelia,Europe,France,La Rochelle,https://www.topuniversities.com/sites/default/files/profiles/logos/220422104458am748447Logo-Excelia-Business-School-Couleur-RVB-JPG-48x48.jpg,45.8,104,,False,False,72,6+,141-150,141-150,111-120,71.4,97.7,38.1,34.7,38.6
Glasgow (Adam Smith),/universities/university-glasgow/university-glasgow-adam-smith-business-school,Europe,United Kingdom,Glasgow,https://www.topuniversities.com/sites/default/files/profiles/logos/adam-smith-business-school_592560cf2aeae70239af571f_small.jpg,46.4,105,,False,False,151+,41+,59,=93,=78,24.7,80.7,61.2,48.1,53.3
HEC Montréal,/universities/hec-montreal,North America,Canada,Montreal (QC),https://www.topuniversities.com/sites/default/files/HEC_Montreal_logo_0.jpg,46.2,106,,False,False,141-150,56+,=85,=99,111-120,49,75.8,52.1,46.7,39
Henley Business School,/universities/university-reading/henley-business-school-university-reading,Europe,United Kingdom,Reading,https://www.topuniversities.com/sites/default/files/profiles/logos/henley-business-school-university-of-reading_14568_small.jpg,45.8,107,,False,False,151+,48+,75,98,87,33.7,79.4,55.3,46.9,49.7
Newcastle University Business School,/universities/newcastle-university/newcastle-university-business-school,Europe,United Kingdom,Newcastle,https://www.topuniversities.com/sites/default/files/profiles/logos/211110110522am602642QS-profile-logo-48x48.jpg,47,108,,False,False,151+,69+,87,=66,111-120,39.2,73.2,52,55.2,38.7
Sheffield University Management School,/universities/university-sheffield/university-sheffield-management-school,Europe,United Kingdom,Sheffield,https://www.topuniversities.com/sites/default/files/profiles/logos/the-university-of-sheffield-management-school_14520_small.jpg,46.5,109,,False,False,151+,97+,=71,101-110,83,43.3,64.8,55.9,46.6,50.7
The University of Sussex Business School,/universities/university-sussex/university-sussex-business-school,Europe,United Kingdom,Brighton,https://www.topuniversities.com/sites/default/files/profiles/logos/university-of-sussex-business-school_5e345b3e5c52f369cb6078d3_small.jpg,46.2,110,,False,False,31,94+,101-110,151+,=74,87.2,65.8,46.5,24.7,53.6
UT Dallas (Naveen),/universities/university-texas-dallas/naveen-jindal-school-management,North America,United States,Dallas (TX),https://www.topuniversities.com/sites/default/files/profiles/logos/the-university-of-texas-at-dallas-naveen-jindal-school-of-management_592560cf2aeae70239af58c1_small.jpg,46,111,,False,False,29,151+,101-110,151+,111-120,88.8,49.4,46.8,34.3,38.3
Chulalongkorn Business School,/universities/chulalongkorn-university/chulalongkorn-business-school,Asia,Thailand,Bangkok,https://www.topuniversities.com/sites/default/files/profiles/logos/220923123838pm456957download--1--48x48.jpg,42.9,112,,False,False,151+,121+,=94,=64,=81,21.2,58.1,50.3,55.3,50.9
EM Normandie,/universities/em-normandie-business-school,Europe,France,Normandie,https://www.topuniversities.com/sites/default/files/profiles/logos/ecole-de-management-de-normandie_592560cf2aeae70239af53aa_small.jpg,42.8,113,,False,False,101-110,27+,151+,=93,151+,59.1,87.1,33.5,48.1,20
ISCTE-IUL,/universities/iscte-iul/iscte-business-school,Europe,Portugal,Lisbon,https://www.topuniversities.com/sites/default/files/profiles/logos/Webp.net-resizeimage-2021-06-15T114854.999-48x48.jpg,44.1,114,,False,False,30,151+,101-110,141-150,151+,87.5,50.5,48.2,34.7,25.2
Indian Institute of Management Lucknow,/universities/indian-institute-management-iim-lucknow,Asia,India,Lucknow,https://www.topuniversities.com/sites/default/files/profiles/logos/indian-institute-of-management-iim-lucknow_592560cf2aeae70239af51f3_small.jpg,44.2,115,,False,False,121-130,151+,46,76,151+,53,24.8,65.4,52.5,24.1
Koç University Graduate School of Business,/universities/koc-university/koc-university-graduate-school-business,Asia,Türkiye,Istanbul,https://www.topuniversities.com/sites/default/files/ko-university_592560cf2aeae70239af56ec_small.jpg,45.2,116,,False,False,151+,81+,=92,=59,141-150,39.2,68.4,50.4,56.3,30.6
NUCB Business School,/universities/nucb-business-school,Asia,Japan,Nagoya,https://www.topuniversities.com/sites/default/files/profiles/logos/nucb-business-school_592560cf2aeae70239af522b_small.jpg,44.1,117,,False,False,45,111+,151+,131-140,111-120,81.6,59.1,35.9,36.6,39.4
SGH Warsaw School of Economics,/universities/sgh-warsaw-school-economics,Europe,Poland,Warsaw,https://www.topuniversities.com/sites/default/files/profiles/logos/220425010507pm495709SGHlogoRGB-02-48x48.jpg,45.1,118,,False,False,151+,101+,64,62,111-120,28.5,62,57.6,56,39.6
Southampton Business School,/universities/university-southampton/southampton-business-school,Europe,United Kingdom,Southampton,https://www.topuniversities.com/sites/default/files/profiles/logos/southampton-business-school_592560cf2aeae70239af573a_small.jpg,44.9,119,,False,False,121-130,86+,=78,121-130,=99,52.8,67.9,53.8,39.6,45.6
Wake Forest University,/universities/wake-forest-university/graduate-school-business,North America,United States,Winston-Salem (NC),https://www.topuniversities.com/sites/default/files/profiles/logos/wake-forest-university-_592560cf2aeae70239af574b_small.jpg,44.1,120,,False,False,64,151+,151+,131-140,54,74,41.8,31.7,37.3,64.4
Concordia (John Molson),/universities/concordia-university/john-molson-school-business,North America,Canada,Montreal,https://www.topuniversities.com/sites/default/files/profiles/logos/210812053433pm136199Logo-200x200-48x48.jpg,42.3,121,,False,False,101-110,111+,131-140,131-140,86,58.2,59.7,38.9,38.7,50.1
EU Business School,/universities/eu-business-school,Europe,Germany,Barcelona,https://www.topuniversities.com/sites/default/files/profiles/logos/eu-business-school_592560cf2aeae70239af51f8_small.jpg,41.6,122,,False,False,=1,1+,151+,111-120,141-150,100,99.8,22.2,43.2,29.6
Exeter Business School,/universities/university-exeter/university-exeter-business-school,Europe,United Kingdom,Exeter,https://www.topuniversities.com/sites/default/files/profiles/logos/230821123018pm419370uebs-simplified-portrait-200x200-48x48.jpg,42.1,123,,False,False,151+,78+,100,=93,101-110,31.3,69.2,49.3,48.1,43.3
Fordham (Gabelli),/universities/fordham-university/gabelli-school-business,North America,United States,New York (NY),https://www.topuniversities.com/sites/default/files/profiles/logos/gabelli-school-of-business_592560cf2aeae70239af56b6_small.jpg,41.6,124,,False,False,61,151+,151+,151+,51,75.3,42.9,33.9,28,66.7
Loughborough School of Business and Economics,/universities/loughborough-university/loughborough-business-school,Europe,United Kingdom,Loughborough,https://www.topuniversities.com/sites/default/files/profiles/logos/231020011639pm502336Business-School-social-icon-final-4-2023%255B4%255D-48x48.jpg,41.8,125,,False,False,141-150,121+,81,121-130,101-110,47.5,55.9,53.4,39.6,43.3
Montpellier Business School,/universities/montpellier-business-school,Europe,France,Montpellier,https://www.topuniversities.com/sites/default/files/profiles/logos/montpellier-business-school_592560e99988f300e2322502_small.jpg,42.3,126,,False,False,93,11+,131-140,141-150,151+,63.2,94.9,40.5,35.5,25.7
S. P. Jain IMR,/universities/spjimr,Asia,India,Mumbai,https://www.topuniversities.com/sites/default/files/profiles/logos/SPJMR-1-48x48.jpg,42,127,,False,False,121-130,151+,80,111-120,111-120,53.5,37.9,53.7,43,40.1
South Carolina (Moore),/universities/university-south-carolina/darla-moore-school-business,North America,United States,Columbia (SC),https://www.topuniversities.com/sites/default/files/profiles/logos/darla-moore-school-of-business-university-of-south-carolina_14574_small.jpg,42.5,128,,False,False,=46,151+,121-130,151+,=99,81.3,49.8,42.1,29.1,45.6
The Hong Kong Polytechnic University,/universities/hong-kong-polytechnic-university,Asia,Hong Kong SAR,Hong Kong,https://www.topuniversities.com/sites/default/files/profiles/logos/the-hong-kong-polytechnic-university_267_small.jpg,42.6,129,,False,False,151+,101+,=92,61,151+,34.7,62.3,50.4,56.1,25.9
University of Minho,/universities/university-minho/school-economics-management-university-minho,Europe,Portugal,Braga,https://www.topuniversities.com/sites/default/files/profiles/logos/220922092717am393942School-of-Economics-and-Management-University-of-Minho-Logo--1--48x48.jpg,42.6,130,,False,False,32,101+,131-140,151+,151+,87,62.9,41,34.1,20
Aalborg University,/universities/aalborg-university,Europe,Denmark,Aalborg,https://www.topuniversities.com/sites/default/files/profiles/logos/aalborg-university_1262_small.jpg,41.5,131,,False,False,26,151+,131-140,151+,131-140,90.1,45.6,40.6,29.1,32.9
Bologna University Business School,/universities/alma-mater-studiorum-university-bologna/bologna-business-school-university-bologna,Europe,Italy,Bologna,https://www.topuniversities.com/sites/default/files/profiles/logos/logo-4-48x48.jpg,41.1,132,,False,False,151+,141+,36,111-120,151+,39.8,51.3,73,42.3,20
EM Strasbourg,/universities/ecole-de-management-strasbourg,Europe,France,Strasbourg,https://www.topuniversities.com/sites/default/files/profiles/logos/ecole-de-management-strasbourg_592560cf2aeae70239af55d3_small.jpg,41.2,133,,False,False,151+,21+,121-130,111-120,151+,45.8,90.4,42.8,43.4,24.2
Haskayne School of Business,/universities/university-calgary/haskayne-school-business-university-calgary,North America,Canada,Calgary,https://www.topuniversities.com/sites/default/files/profiles/logos/haskayne-school-of-business-university-of-calgary-_14535_small.jpg,40.2,134,,False,False,131-140,87+,131-140,141-150,97,52.5,67.8,40.6,34.7,47.5
Kent Business School,/universities/university-kent/kent-business-school,Europe,United Kingdom,Canterbury,https://www.topuniversities.com/sites/default/files/profiles/logos/kent-business-school_592560cf2aeae70239af55ad_small.jpg,41.3,135,,False,False,79,141+,111-120,151+,71,68,51.6,44.9,27.8,54.8
La Trobe Business School,/universities/la-trobe-university/la-trobe-business-school,Oceania,Australia,Melbourne,https://www.topuniversities.com/sites/default/files/profiles/logos/15061_small.jpg,40.1,136,,False,False,101-110,57+,141-150,151+,111-120,59.4,75.7,37.1,34.3,37.9
Manchester Metropolitan University,/universities/manchester-metropolitan-university/manchester-metropolitan-university-business-school,Europe,United Kingdom,Manchester,https://www.topuniversities.com/sites/default/files/profiles/logos/manchester-metropolitan-university-business-school_592560cf2aeae70239af56ed_small.jpg,40.4,137,,False,False,111-120,33+,141-150,141-150,121-130,55.6,84.1,38.6,35,35.9
RIT (Saunders),/universities/rochester-institute-technology-rit/saunders-college-business-rochester-institute-technology,North America,United States,Rochester (NY),https://www.topuniversities.com/sites/default/files/profiles/logos/rochester-institute-of-technology-rit-saunders-college-of-business_28292_small.jpg,40.9,138,,False,False,23,151+,151+,151+,=94,91.5,47.9,35.1,22.9,48
Saint Petersburg University (GSOM),/universities/saint-petersburg-state-university/graduate-school-management-st-petersburg-university,Europe,Russia,St. Petersburg,https://www.topuniversities.com/sites/default/files/profiles/logos/graduate-school-of-management-st.-petersburg-university_592560cf2aeae70239af57d8_small.jpg,40.4,139,,False,True,151+,83+,99,121-130,62,24.6,68.1,49.4,40.9,59.8
Tilburg University	,/universities/tilburg-university,Europe,Netherlands,Tilburg,https://www.topuniversities.com/sites/default/files/profiles/logos/tilburg-university_592560cf2aeae70239af4ce5_small.jpg,40.5,140,,False,False,82,151+,=94,151+,121-130,66.7,50.2,50.3,32.8,34.2
American Institute of Applied Sciences in Switzerland,/universities/american-institute-applied-sciences-switzerland,Europe,Switzerland,Zurich,https://www.topuniversities.com/sites/default/files/profiles/logos/230413010208pm386145AUS-logo-48x48.jpg,39.9,141,,False,False,28,73+,151+,151+,151+,88.9,72.7,26.8,31.4,20
Cesar Ritz Colleges Switzerland,/universities/cesar-ritz-colleges-switzerland,Europe,Switzerland,Lima,https://www.topuniversities.com/sites/default/files/csar-ritz-colleges-switzerland_592560cf2aeae70239af57db_small_1.jpg,39.7,142,,False,False,151+,36+,141-150,88,151+,35.1,83.6,38.8,49.1,26.4
DCU Business School,/universities/dublin-city-university/dcu-business-school-dublin-city-university-dcu,Europe,Ireland,Dublin,https://www.topuniversities.com/sites/default/files/profiles/logos/dcu-business-school-dublin-city-university-dcu_59b4587aca24f31425685e82_small.jpg,38.8,143,,False,False,151+,131+,101-110,101-110,141-150,39.4,53.4,47.6,45.8,31.3
FIA Business School,/universities/fia-business-school,Latin America,Brazil,São Paulo,https://www.topuniversities.com/sites/default/files/fia-business-school_592560cf2aeae70239af586b_small.jpg,39.9,144,4,False,False,92,151+,141-150,101-110,121-130,63.4,34.3,37.9,44,35.3
Fairfield (Dolan),/universities/fairfield-university-charles-f-dolan-school-business,North America,United States,Fairfield (CT),https://www.topuniversities.com/sites/default/files/profiles/logos/210817013241pm624334Webp.net-resizeimage-2021-08-17T163235.854-48x48.jpg,39.3,145,,False,False,27,131+,151+,151+,151+,89.6,53.9,29.4,31.5,24.3
Georgia State (Robinson),/universities/georgia-state-university/j-mack-robinson-college-business,North America,United States,Atlanta (GA),https://www.topuniversities.com/sites/default/files/profiles/logos/j.-mack-robinson-college-of-business_14481_small.jpg,38.7,146,,False,False,131-140,131+,131-140,151+,92,52.5,55,40.6,34.5,48.4
Rennes School of Business,/universities/rennes-school-business,Europe,France,Rennes,https://www.topuniversities.com/sites/default/files/profiles/logos/230109035739pm488405Logo-Rennes-SB-200-48x48.jpg,38.6,147,,False,False,151+,22+,111-120,121-130,151+,40,90.2,45.1,38.8,24.4
Swiss Hotel Management School,/universities/shms-swiss-hotel-management-school,Europe,Switzerland,Montreux,https://www.topuniversities.com/sites/default/files/profiles/logos/swiss-hotel-management-school_592560cf2aeae70239af564c_small.jpg,39.4,148,,False,False,111-120,28+,151+,111-120,151+,55,86.7,33,42.1,20
University of Economics (Prague),/universities/prague-university-economics-business/faculty-business-administration,Europe,Czech Republic,Prague,https://www.topuniversities.com/sites/default/files/profiles/logos/faculty-of-business-administration_59b4578dacb29513ca379ecc_small.jpg,38.8,149,,False,False,151+,151+,111-120,=78,131-140,31.5,51.1,44.9,51.9,33
XLRI- Xavier School of Management,/universities/xlri-xavier-school-management,Asia,India,Jamshedpur,https://www.topuniversities.com/sites/default/files/profiles/logos/xlri-logo-200x200-1-1-48x48.jpg,38.7,150,,False,False,141-150,151+,74,97,151+,47.6,21.8,55.6,47.4,26.4
ALBA Graduate Business School,/universities/alba-graduate-business-school-american-college-greece,Europe,Greece,Athens,https://www.topuniversities.com/sites/default/files/profiles/logos/alba-graduate-business-school-at-the-american-college-of-greece_592560cf2aeae70239af4a92_small.jpg,35.2,151,,False,False,151+,151+,151+,82,151+,37.8,44.4,33.1,51.1,25.4
"Arab Academy for Science, Technology and Maritime Transport ""AASTMT""",/universities/arab-academy-science-technology-maritime-transport-aastmt,Africa,Egypt,Alexandria,https://www.topuniversities.com/sites/default/files/profiles/logos/arab-academy-for-science-technology-and-maritime-transport-aastmt-_592560cf2aeae70239af59f5_small.jpg,25.5,152,,False,False,151+,121+,151+,151+,151+,43.3,58.4,31,21.6,23.6
BHMS Business & Hotel Management School,/universities/bhms-business-hotel-management-school,Europe,Switzerland,Lucerne,https://www.topuniversities.com/sites/default/files/profiles/logos/bhms-hotel-management-school-luzern-ag_14406_small.jpg,37.7,153,,False,False,44,10+,151+,151+,151+,81.8,95.1,26.7,21.1,26.4
Brunel Business School,/universities/brunel-university-london/brunel-business-school,Europe,United Kingdom,London,https://www.topuniversities.com/sites/default/files/profiles/logos/brunel-business-school_15152_small.jpg,36.9,154,,False,False,131-140,38+,141-150,151+,101-110,51.7,81.7,38.3,26.5,42.1
Burgundy School of Business (BSB),/universities/bsb-burgundy-school-business/bsb-burgundy-school-business,Europe,France,"Dijon, Lyon",https://www.topuniversities.com/sites/default/files/profiles/logos/bsb-burgundy-school-of-business_592560cf2aeae70239af57d7_small.jpg,36,155,,False,False,151+,15+,151+,141-150,151+,46.6,93.3,32.7,34.7,24.6
Católica Porto Business School,/universities/catolica-porto-business-school,Europe,Portugal,Porto,https://www.topuniversities.com/sites/default/files/230314105941pm202285Picture2-48x48.jpg,34,156,,False,False,=46,100+,151+,151+,151+,81.3,64.3,29.8,21.9,20
Clark University,/universities/clark-university/clark-university-graduate-school-management,North America,United States,Worcester (MA),https://www.topuniversities.com/sites/default/files/profiles/logos/SOM-logo-200x200-jpg-1-48x48.jpg,32,157,,False,False,151+,151+,151+,151+,84,43.2,48.1,24.6,33,50.5
Connecticut (UCONN),/universities/university-connecticut/uconn-school-business,North America,United States,Mansfield (CT),https://www.topuniversities.com/sites/default/files/profiles/logos/school-of-business-university-of-connecticut_14545_small.jpg,33.5,158,,False,False,151+,131+,151+,151+,67,42.8,55,34.8,26.5,56.9
Deusto Business School ,/universities/university-deusto,Europe,Spain,Bilbao,https://www.topuniversities.com/sites/default/files/profiles/logos/university-of-deusto_592560cf2aeae70239af57cd_small.jpg,36.9,159,,False,False,131-140,151+,121-130,141-150,121-130,52,49.1,42.8,35.3,37.4
EMLV Business School,/universities/emlv-business-school,Europe,France,Paris,https://www.topuniversities.com/sites/default/files/profiles/logos/211011085528am371124Logo-EMLV-fd-couleur-48x48.jpg,31.4,160,,False,False,121-130,17+,151+,151+,151+,53.7,93.2,34.5,20.3,20
ESC Clermont,/universities/esc-clermont-graduate-school-management,Europe,France,Clermont-Ferrand,https://www.topuniversities.com/sites/default/files/profiles/logos/esc-clermont-graduate-school-of-management_59da8736acb29518d84f734a_small.jpg,35,161,,False,False,121-130,44+,151+,141-150,151+,53.8,80.2,22.6,36.1,28
ESSCA,/universities/essca-school-management,Europe,France,Angers,https://www.topuniversities.com/sites/default/files/profiles/logos/221011110057am370650Frame-1-48x48.jpg,37.8,162,,False,False,121-130,8+,=85,151+,151+,53.5,96.1,52.1,25.5,20
Edinburgh Napier University (The Business School),/universities/edinburgh-napier-university,Europe,United Kingdom,Edinburgh,https://www.topuniversities.com/sites/default/files/profiles/logos/ENU-logo-Stacked-200x200px-48x48.jpg,31.2,163,,False,False,111-120,121+,151+,151+,151+,55.8,57.4,33.4,29.3,20
FH Kufstein Tirol – University of Applied Sciences ,/universities/fh-kufstein-tirol-university-applied-sciences,Europe,Austria,Kufstein,https://www.topuniversities.com/sites/default/files/fh-kufstein-tirol-university-of-applied-sciences_2161_small.jpg,31.8,164,,False,False,97,151+,151+,151+,141-150,61.9,45.9,26.7,30.1,29.6
GBSB Global Business School,/universities/gbsb-global-business-school,Europe,Spain,"Barcelona, Madrid",https://www.topuniversities.com/sites/default/files/profiles/logos/gbsb-global-business-school_5c58186110ca601f0c143d92_small.jpg,34,165,,False,False,75,39+,151+,151+,151+,70,81.5,20.5,28.6,20
Gda?sk University of Technology,/universities/gdansk-university-technology,Europe,Poland,Gda?sk,https://www.topuniversities.com/sites/default/files/profiles/logos/gdask-university-of-technology_592560e59988f300e2321bdf_small.jpg,30,166,,False,False,151+,101+,121-130,141-150,151+,26.1,62.3,41.1,34.9,26.4
Great Lakes Institute of Management Chennai,/universities/great-lakes-institute-management-chennai,Asia,India,Chennai,https://www.topuniversities.com/sites/default/files/profiles/logos/great-lakes-institute-of-management-chennai_592560cf2aeae70239af5776_small.jpg,24.8,167,,False,False,151+,151+,151+,151+,121-130,29.5,27.4,25.3,34.4,36.6
Hitotsubashi University Business School,/universities/hitotsubashi-university/hitotsubashi-university-business-school-school-international-corporate-strategy-hitotsubashi-ics,Asia,Japan,Tokyo,https://www.topuniversities.com/sites/default/files/profiles/logos/211202044809pm497384ICS-Logo-48x48.jpg,37.7,168,,False,False,151+,151+,131-140,=84,151+,43.7,38.3,38.9,50.8,29.1
IQS SCHOOL OF MANAGEMENT,/universities/iqs-ramon-llull-university,Europe,Spain,Barcelona,https://www.topuniversities.com/sites/default/files/profiles/logos/iqs_592560e29988f300e2321132_small.jpg,37.2,169,,False,False,68,131+,151+,151+,131-140,72.8,55,32,31.2,31.7
ISC Paris,/universities/isc-paris-business-school,Europe,France,Paris,https://www.topuniversities.com/sites/default/files/profiles/logos/220510034821pm916789Logo-200x200-48x48.jpg,38,170,,False,False,111-120,26+,151+,141-150,131-140,56.9,87.6,26.2,36.1,32
ISDI,/universities/isdi-digital-business-school,Europe,Spain,"Madrid,  Barcelona",https://www.topuniversities.com/sites/default/files/profiles/logos/220902094728am254345logo-isdii-48x48.jpg,31.2,171,,False,False,55,131+,151+,151+,151+,79.1,53.6,26.6,20.9,20
Indian Institute of Management (IIM) - Kozhikode,/universities/indian-institute-management-iim-kozhikode,Asia,India,Kozhikode,https://www.topuniversities.com/sites/default/files/profiles/logos/indian-institute-of-management-iim-kozhikode_592560cf2aeae70239af51f4_small.jpg,37.2,172,,False,False,151+,151+,66,101-110,141-150,34,36.1,56.6,44.8,31.4
Indian Institute of Management Indore,/universities/indian-institute-management-iim-indore,Asia,India,Indore,https://www.topuniversities.com/sites/default/files/profiles/logos/indian-institute-of-management-iim-indore_592560cf2aeae70239af51f5_small.jpg,33.4,173,,False,False,151+,151+,82,111-120,151+,33.2,25.5,53,43.9,23.5
Indian Institute of Management Udaipur,/universities/indian-institute-management-udaipur,Asia,India,Udaipur,https://www.topuniversities.com/sites/default/files/profiles/logos/indian-institute-of-management-udaipur_59eea2e7acb295022c1ad25d_small.jpg,27.8,174,,False,False,151+,151+,111-120,121-130,151+,26.8,26.8,44.5,39.7,20
"Indian Institute of Management, Rohtak",/universities/indian-institute-management-rohtak,Asia,India,Rohtak,https://www.topuniversities.com/sites/default/files/profiles/logos/230928095650am515632download-48x48.jpg,26.6,175,,False,False,151+,151+,151+,151+,151+,38.5,48,31.7,31.4,20
"Institute Of Management Technology, Ghaziabad",/universities/institute-management-technology-ghaziabad,Asia,India,Ghaziabad,https://www.topuniversities.com/sites/default/files/231025024338pm507719IMTG-logo-Final-90x90_1.jpg,24.3,176,,False,False,151+,151+,151+,151+,151+,31.4,36.5,34.3,31.4,20
International Management Institute - Delhi,/universities/international-management-institute-delhi,Asia,India,Delhi,https://www.topuniversities.com/sites/default/files/profiles/logos/230927014214pm244303download-48x48.jpg,27.6,177,,False,False,151+,121+,151+,151+,151+,32.9,56.5,36.6,31.9,20
International Management Institute - Kolkata,/universities/international-management-institute-kolkata,Asia,India,Kolkata,https://www.topuniversities.com/sites/default/files/profiles/logos/230927014527pm763051download-48x48.jpg,28.9,178,,False,False,111-120,151+,151+,151+,151+,56.6,21.7,36.6,31.4,20
Kazan Federal University,/universities/kazan-volga-region-federal-university/higher-school-business,Europe,Russia,Kazan,https://www.topuniversities.com/sites/default/files/profiles/logos/higher-school-of-business_5f44cba110ca60425d3c86c7_small.jpg,25.1,179,,False,True,151+,151+,141-150,151+,131-140,31.7,45.8,36.8,23.4,33.7
Kozminski International Business School,/universities/kozminski-university,Europe,Poland,Warsaw,https://www.topuniversities.com/sites/default/files/profiles/logos/kozminski-university_592560cf2aeae70239af581e_small.jpg,33.7,180,,False,False,151+,75+,101-110,131-140,151+,29.8,70.5,45.8,38.3,23
La Salle Universitat Ramon Llull,/universities/la-salle-ramon-llull-university,Europe,Spain,Barcelona,https://www.topuniversities.com/sites/default/files/profiles/logos/230531020818pm410036Logo-La-Salle-URL-200x200-48x48.jpg,37.9,181,,False,False,60,40+,151+,151+,131-140,75.5,81,31.5,24,31.7
Liverpool Management School,/universities/university-liverpool/university-liverpool-management-school,Europe,United Kingdom,Liverpool,https://www.topuniversities.com/sites/default/files/profiles/logos/university-of-liverpool-management-school_592560cf2aeae70239af586a_small.jpg,37,182,,False,False,151+,131+,88,121-130,96,24.8,55.4,51.9,39.6,47.7
Management Development Institute Gurgaon,/universities/mdi-gurgaon,Asia,India,New Delhi,https://www.topuniversities.com/sites/default/files/profiles/logos/220923124429pm344802download--1--48x48.jpg,22.3,183,,False,False,151+,151+,151+,151+,151+,32.4,34.1,36.6,25.1,20
Nyenrode University,/universities/nyenrode-business-university,Europe,Netherlands,Breukelen,https://www.topuniversities.com/sites/default/files/profiles/logos/nyenrode-business-university_592560cf2aeae70239af502d_small.jpg,37.3,184,,False,False,151+,151+,151+,101-110,=81,40.6,48.9,26.6,46.3,50.9
Ottawa (Telfer),/universities/university-ottawa/university-ottawa-telfer-school-management,North America,Canada,Ottawa,https://www.topuniversities.com/sites/default/files/profiles/logos/telfer-school-of-management-university-of-ottawa_14563_small.jpg,32.3,185,,False,False,151+,96+,151+,151+,101-110,32.1,65.2,35.9,32.6,41.8
Pacifico Business School,/universities/universidad-del-pacifico/pacifico-business-school,Latin America,Peru,Lima,https://www.topuniversities.com/sites/default/files/pacifico-business-school_5c86158b10ca605c2865f8a9_small.jpg,30.7,186,,False,False,151+,151+,111-120,131-140,151+,32.3,46.1,43.5,37.1,24.5
Queen Mary University of London (QMUL),/universities/queen-mary-university-london,Europe,United Kingdom,London,https://www.topuniversities.com/sites/default/files/profiles/logos/queen-mary-university-of-london_592560cf2aeae70239af4bea_small.jpg,38.4,187,,False,False,151+,141+,=69,121-130,91,28.8,52.6,56,38.8,48.8
Rabat Business School,/universities/universit-internationale-de-rabat/rabat-business-school,Africa,Morocco,Rabat,https://www.topuniversities.com/sites/default/files/profiles/logos/221209043122pm221692LOGO-RBS--48x48.jpg,26.3,188,,False,False,141-150,151+,151+,151+,151+,48,45.5,32.5,22.1,27.4
Ritsumeikan APU,/universities/graduate-school-management,Asia,Japan,Beppu,https://www.topuniversities.com/sites/default/files/profiles/logos/ritsumeikan-asia-pacific-university_592560cf2aeae70239af5791_small.jpg,32.6,189,,False,False,131-140,131+,151+,151+,141-150,51.2,54.6,31.5,33.1,29.6
Stevens Institute of Technology,/universities/stevens-institute-technology/stevens-institute-technology-school-business,North America,United States,Hoboken (NJ),https://www.topuniversities.com/sites/default/files/profiles/logos/stevens-institute-of-technology-school-of-business_5b7270869ed419061c189306_small.jpg,33.7,190,,False,False,=80,151+,151+,151+,121-130,66.8,39.7,32.5,27.4,37.4
Suffolk (Sawyer),/universities/suffolk-university/sawyer-business-school-usa,North America,United States,Boston (MA),https://www.topuniversities.com/sites/default/files/profiles/logos/sawyer-business-school-usa_19531_small.jpg,31.9,191,,False,False,101-110,111+,151+,151+,101-110,58.8,61.2,26.9,22.7,41.1
T A PAI Management Institute,/universities/ta-pai-management-institute-tapmi,Asia,India,Manipal,https://www.topuniversities.com/sites/default/files/profiles/logos/t.a.-pai-management-institute-tapmi_5d4d781d5c52f35321193b58_small.jpg,20.9,192,,False,False,151+,151+,151+,151+,151+,20.5,30.9,26.7,33.1,24.5
United International Business School (UIBS),/universities/united-international-business-school-uibs,Europe,Switzerland,Zürich,https://www.topuniversities.com/sites/default/files/231011013942pm244023resized-logos-90x90_5.jpg,33.2,193,,False,False,73,51+,151+,151+,151+,70.3,78.6,22.5,26.3,20
Universidad San Ignacio del Loyola (USIL),/universities/universidad-san-ignacio-de-loyola/college-business-universidad-san-ignacio-de-loyola,Latin America,Peru,Lima,https://www.topuniversities.com/sites/default/files/220614123701pm934494Webp.net-resizeimage-2022-06-14T153441.332-48x48_0.jpg,29.9,194,,False,False,131-140,151+,151+,141-150,151+,52,25.9,36.3,35.7,20
University of Pecs,/universities/university-pecs,Europe,Hungary,Pecs,https://www.topuniversities.com/sites/default/files/profiles/logos/university-of-pcs_592560cf2aeae70239af4fff_small.jpg,28.8,195,,False,False,151+,76+,151+,151+,151+,37.6,70.2,28.1,32.8,20
University of South Florida,/universities/university-south-florida/university-south-florida-muma-college-business,North America,United States,Tampa (FL),https://www.topuniversities.com/sites/default/files/profiles/logos/university-of-south-florida-muma-college-of-business_592560e79988f300e2322049_small.jpg,37.7,196,,False,False,69,88+,131-140,151+,121-130,72.4,67.6,38.9,23.3,35.8
University of Texas at Arlington,/universities/university-texas-arlington,North America,United States,Arlington (TX),https://www.topuniversities.com/sites/default/files/profiles/logos/QS_UTA-Logo-48x48.jpg,34.8,197,,False,False,76,131+,131-140,151+,131-140,69,53.6,39.3,22.8,33.2
Victoria (Gustavson),/universities/university-victoria-uvic,North America,Canada,Victoria,https://www.topuniversities.com/sites/default/files/profiles/logos/university-of-victoria-uvic_592560cf2aeae70239af4d0e_small.jpg,35.5,198,,False,False,121-130,79+,151+,151+,121-130,53.6,69.1,35.3,29.3,37.5
Vilnius University,/universities/vilnius-university/vilnius-university,Europe,Lithuania,Vilnius,https://www.topuniversities.com/sites/default/files/profiles/logos/faculty-of-economics-and-business-administration_5b4d9e6b9ed41968750865b9_small.jpg,36.3,199,,False,False,151+,111+,101-110,101-110,151+,28.5,60.2,45.7,45.7,29.3
Worcester Polytechnic Institute (Foisie),/universities/worcester-polytechnic-institute,North America,United States,Worcester (MA),https://www.topuniversities.com/sites/default/files/profiles/logos/worcester-polytechnic-institute_592560cf2aeae70239af4dc0_small.jpg,38,200,,False,False,84,111+,151+,151+,111-120,66.3,58.7,32.7,31.8,39.7
Woxsen School of Business,/universities/woxsen-university,Asia,India,Hyderabad,https://www.topuniversities.com/sites/default/files/profiles/logos/230929014359pm716742download-48x48.jpg,20,201,,False,False,151+,151+,151+,151+,151+,21,29.8,28.9,31.4,20
